Issue key,Issue id,Summary,Custom field (Bundle Version),Assignee,Created,Priority,Status,Custom field (Moment ID),Custom field (Linked LSTI/DVTI),Custom field (Linked LSTI/DVTI),Custom field (Linked LSTI/DVTI),Custom field (Linked LSTI/DVTI),Custom field (Linked LSTI/DVTI)
MON-2425327,2603546,不合理制动,v1.0.9-p2-Beta-20241009-irs2-LQ_4H70_B_VEHICLE_LYRA,jingpeng.sun,2024-12-19 6:06 PM,P1,Done,989ebe4c-87cd-4077-be72-a74af93bb390,LSTI-5241,,,,
MON-2425265,2603478,未触发对后车避让,v0.8.96-adlst-0606.patch.19-irs2-LQ_4H70_B_VEHICLE_LYRA,keming.zheng,2024-12-19 3:37 PM,P1,Done,08faad1a-28a2-45ad-aa8f-ce68b9482962,LSTI-5267,,,,
MON-2425257,2603470,不合理制动,v1.0.9-p6-Beta-20241204-irs2-DF_HG01_C_VEHICLE_LYRA,jingpeng.sun,2024-12-19 2:49 PM,P1,Done,db2c015a-800c-4db2-8932-b4d9e05ed0b7,LSTI-4839,,,,
MON-2425208,2603420,超车未完成避让提前结束,v0.8.96-adlst-0606.patch.19-irs2-LQ_4H70_B_VEHICLE_LYRA,keming.zheng,2024-12-19 10:43 AM,P1,Done,99f9970a-a623-4858-a2dd-00441453b10f,LSTI-5216,,,,
MON-2425139,2603344,莱芜枢纽汇入主路后，fallback，rf_err_input_boundaries_shape_inconsistent_with_map,v1.1.10-Alpha-20241213-2-g0fe684d36-irs2-0e4ff4b1-COMMON_LYRA,,2024-12-19 3:54 AM,P2,Done,abcdf295-e84a-4446-8198-14c5f4d90aa8,LSTI-4958,,,,
MON-2425113,2603311,系统误报小心施工,v1.0.9-Beta-20240911-64-g2666792d7-irs2-8296a8ac-DF_HG01_C_VEHICLE_LYRA,ruiliang.li,2024-12-19 2:04 AM,P1,Done,6f18ed60-0f4e-45da-b466-ed9709b90f0e,,,,,
MON-2424986,2603150,车辆行驶时出现降速,v1.0.9-p6-Beta-20241204-irs2-LQ_4H70_B_VEHICLE_LYRA,jingpeng.sun,2024-12-18 10:55 PM,P1,Done,7266f0ed-c2c2-4a90-8835-00d47ce82c9a,LSTI-5014,,,,
MON-2424972,2603119,下坡误制动,v0.8.96-adlst-0606.patch.19-irs2-LQ_4H70_B_VEHICLE_LYRA,jingpeng.sun,2024-12-18 9:18 PM,P1,Done,54f1aa27-10fc-4e9d-abfe-72b0484558eb,LSTI-5554,,,,
MON-2424949,2603093,【TSAudio】Fallback,v1.0.12-Alpha-20241025-4-g4e7c269ad-jazz-5bd776ec-irs2-01a1dcab-DF_H19X_C_VEHICLE_LYRA,jingpeng.sun,2024-12-18 8:07 PM,P2,Done,62681978-c31d-4bb4-a334-62b79790eea5,LSTI-5429,,,,
MON-2424918,2603048,误触发避让,v0.8.96-adlst-0606.patch.10-irs2-DF_HG01_C_VEHICLE_LYRA,jingpeng.sun,2024-12-18 5:21 PM,P1,Done,ac641ccd-167d-4eab-b044-37d61362230b,LSTI-4839,,,,
MON-2424914,2603044,【TSAudio】偏左偏右,v1.0.7-p1-GA-20240926-irs2-DF_H19X_T_VEHICLE_M51_LC,jingpeng.sun,2024-12-18 4:54 PM,P2,Done,48b2d277-4728-4eb8-b3b8-2c95d0db573b,LSTI-5062,,,,
MON-2424899,2603029,【TSAudio】Fallback,v1.0.9-p2-Beta-20241009-irs2-LQ_4H70_B_VEHICLE_LYRA,jingpeng.sun,2024-12-18 3:52 PM,P2,Done,28e92b5a-4d42-408f-83f1-b2be25a9cc7b,LSTI-5206,,,,
MON-2424881,2603011,不合理制动,v0.8.96-adlst-0606.patch.10-irs2-DF_HG01_C_VEHICLE_LYRA,jingpeng.sun,2024-12-18 2:46 PM,P1,Done,08696c8b-c592-45ac-9220-eb8814470574,LSTI-5556,,,,
MON-2424878,2603008, 隧道内误制动,v1.0.9-p6-Beta-20241204-2-g87e1938a8-irs2-e3feda82-DF_HG01_C_VEHICLE_LYRA,jingpeng.sun,2024-12-18 2:37 PM,P1,Done,6671e728-ede3-412e-bdd6-1b90530d862b,LSTI-4839,,,,
MON-2424869,2602999,异常刹车,v1.0.9-p6-Beta-20241204-irs2-DF_HG01_C_VEHICLE_LYRA,keming.zheng,2024-12-18 1:35 PM,P1,Done,d28ea535-a9c5-463a-8bd1-00b31233e8ea,LSTI-4839,,,,
MON-2424868,2602998,不合理制动,v1.0.7-p1-GA-20240926-irs2-DF_H19X_T_VEHICLE_M51_LC,jingpeng.sun,2024-12-18 1:29 PM,P1,Done,6091724f-fe98-4a53-b58a-abcedd18f998,LSTI-5241,,,,
MON-2424866,2602996,异常重刹,v1.0.9-p6-Beta-20241204-2-g87e1938a8-irs2-e3feda82-DF_HG01_C_VEHICLE_LYRA,keming.zheng,2024-12-18 1:22 PM,P1,Done,c9ce5527-08f0-43a6-a818-d8f48a848ca1,LSTI-4839,,,,
MON-2424864,2602994,三车道有车，自车往三车道变道,v0.8.96-adlst-0606.patch.19-irs2-LQ_4H70_B_VEHICLE_LYRA,keming.zheng,2024-12-18 1:13 PM,P1,Done,37a81c3f-4215-4b82-8034-c0508b54c112,LSTI-5219,,,,
MON-2424855,2602985,异常刹车,v1.0.7-p1-GA-20240926-irs2-DF_H19X_T_VEHICLE_M51_LC,keming.zheng,2024-12-18 12:21 PM,P2,Done,dfcfaaf4-2036-4f85-be3f-88778aa06add,LSTI-4764,,,,
MON-2424854,2602984,【TSAudio】ALC,v1.0.9-Beta-20240911-64-g2666792d7-irs2-8296a8ac-DF_HG01_C_VEHICLE_LYRA,ruiliang.li,2024-12-18 12:18 PM,P2,Done,71bc0b09-fb36-4cc5-a5a2-6d048e5affaf,,,,,
MON-2424852,2602982,后向来车未避让,v0.8.96-adlst-0606.patch.19-irs2-LQ_4H70_B_VEHICLE_LYRA,keming.zheng,2024-12-18 12:17 PM,P1,Done,470c665d-3891-44fb-95fe-92bf59919769,LSTI-5216,,,,
MON-2424851,2602981,隧道内误报施工路段,v0.8.96-adlst-0606.patch.8-irs2-DF_HG01_C_VEHICLE_LYRA,keming.zheng,2024-12-18 12:07 PM,P1,Done,604870c0-904d-4856-96fd-f0209160b83a,LSTI-4839,,,,
MON-2424848,2602978,隧道内误报施工路段,v0.8.96-adlst-0606.patch.8-irs2-DF_HG01_C_VEHICLE_LYRA,keming.zheng,2024-12-18 11:54 AM,P1,Done,fc7cdb0a-c520-4aa7-9ca4-a67fb9c9ac4f,LSTI-4839,,,,
MON-2424847,2602977,【TSAudio】ALC,v1.0.9-Beta-20240911-64-g2666792d7-irs2-8296a8ac-DF_HG01_C_VEHICLE_LYRA,ruiliang.li,2024-12-18 11:48 AM,P2,Done,db131ada-c761-4c63-991a-94676a1639f1,,,,,
MON-2424846,2602976,【TSAudio】ALC,v1.0.9-Beta-20240911-64-g2666792d7-irs2-8296a8ac-DF_HG01_C_VEHICLE_LYRA,ruiliang.li,2024-12-18 11:48 AM,P2,Done,eac9a282-608d-40a9-abca-700094c77050,,,,,
MON-2424776,2602906,贴线行驶不居中,v0.8.96-adlst-0606.patch.19-irs2-DF_HG01_C_VEHICLE_LYRA,jingpeng.sun,2024-12-18 7:37 AM,P1,Done,6b2b4c4c-7f03-4cf0-aacc-34f4e8dd3989,LSTI-5064,,,,
MON-2424743,2602871,圆通-左侧后向来车不能避让,v0.8.96-adlst-0606.patch.19-irs2-LQ_4H70_B_VEHICLE_LYRA,zhou.yang,2024-12-18 5:50 AM,P1,Done,750b1745-3a8c-41cc-806b-da4a9babc396,,,,,
MON-2424702,2602822,无缘无故踩刹车,v1.0.9-Beta-20240911-64-g2666792d7-irs2-8296a8ac-DF_HG01_C_VEHICLE_LYRA,jingpeng.sun,2024-12-18 12:58 AM,P1,Done,631ae09a-f3d6-49f5-99b9-96344dc149dc,LSTI-4839,,,,
MON-2424688,2602807,司机反馈上坡自动减速降速,v1.0.9-Beta-20240911-64-g2666792d7-irs2-8296a8ac-DF_HG01_C_VEHICLE_LYRA,ruiliang.li,2024-12-18 12:42 AM,P1,Done,1b0ed94b-f0c3-496b-a714-317747998423,,,,,
MON-2424674,2602790,"Lateral error over 40 triggered, error = -0.418908",v1.0.9-p6-Beta-20241204-irs2-FT_ESTN_B_VEHICLE_LYRA,jingpeng.sun,2024-12-18 12:03 AM,P1,Done,77256e8a-e097-497d-84cd-3a2adb068996,LSTI-5080,,,,
MON-2424673,2602789,"Lateral error over 40 triggered, error = 0.402910",v1.0.9-p6-Beta-20241204-irs2-FT_ESTN_B_VEHICLE_LYRA,jingpeng.sun,2024-12-18 12:03 AM,P1,Done,57c29df4-205a-442b-a393-405694cdf338,LSTI-5158,,,,
MON-2424649,2602748,不合理制动 ,v0.8.96-adlst-0606.patch.19-irs2-DF_HG01_C_VEHICLE_LYRA,yuhao.zhao,2024-12-17 10:05 PM,P1,Done,d369c44a-1743-437f-af0a-09dcededf3d0,LSTI-4839,,,,
MON-2424643,2602739,Nudge误触发,v1.0.9-p6-Beta-20241204-2-g87e1938a8-irs2-e3feda82-DF_HG01_C_VEHICLE_LYRA,yuhao.zhao,2024-12-17 9:36 PM,P1,Done,b05d58c7-6eee-4d1c-8d1a-93a4dbf71dc5,LSTI-4839,,,,
MON-2424641,2602737,降档刹车,v1.0.9-p6-Beta-20241204-irs2-LQ_4H70_B_VEHICLE_LYRA,jingpeng.sun,2024-12-17 9:31 PM,P1,Done,a6019d6f-87cb-4eb2-b3ef-ac5b6cbcb6c7,LSTI-5014,,,,
MON-2424640,2602736,正常行驶突然降档,v1.0.9-p6-Beta-20241204-irs2-LQ_4H70_B_VEHICLE_LYRA,ryan.han,2024-12-17 9:28 PM,P1,Done,7c7d04cb-974e-4fcc-9669-dc7d9381c8d8,,,,,
MON-2424601,2602696,(客货分离，2货车车道)目标车辆在左侧车道，我在右侧车道，误识别跟车减速,v1.0.9-p6-Beta-20241204-3-gb1aa9e7de-irs2-ce494e4e-FT_ESTN_B_VEHICLE_LYRA,jingpeng.sun,2024-12-17 9:11 PM,P2,Done,d89fe177-d82f-4448-ac6b-19edfface290,LSTI-5546,,,,
MON-2424544,2602636,正常行驶中突然刹车,v1.0.9-p6-Beta-20241204-irs2-LQ_4H70_B_VEHICLE_LYRA,jingpeng.sun,2024-12-17 7:56 PM,P1,Done,7d2a7855-d35c-464c-b445-a41cce4b534c,LSTI-5014,,,,
MON-2424542,2602634,12档跳到10档,v1.0.9-p6-Beta-20241204-irs2-LQ_4H70_B_VEHICLE_LYRA,ryan.han,2024-12-17 7:53 PM,P1,Done,98c2f469-607f-4a9f-97f8-4b98b9e6492b,,,,,
MON-2424523,2602588,【TSAudio】Fallback,v1.0.9-p6-Beta-20241123-irs2-DF_HG01_C_VEHICLE_LYRA,siyu.zhang,2024-12-17 4:35 PM,P2,Done,2eb30df0-13fc-4d97-9a0f-3c0115f165d1,LSTI-5466,,,,
MON-2424515,2602580,【TSAudio】Fallback,v0.8.96-adlst-0606.patch.10-irs2-DF_HG01_C_VEHICLE_LYRA,jingpeng.sun,2024-12-17 3:34 PM,P2,Done,c570ae29-c966-4f06-807e-d4d47dfc9334,LSTI-4759,,,,
MON-2424512,2602577,【TSAudio】ALC,v1.0.9-Beta-20240911-64-g2666792d7-irs2-8296a8ac-DF_HG01_C_VEHICLE_LYRA,ruiliang.li,2024-12-17 3:33 PM,P2,Done,5cd58ed3-c7d8-4980-bd99-6c195289b3f1,,,,,
MON-2424501,2602566,【TSAudio】ALC,v1.0.9-Beta-20240911-64-g2666792d7-irs2-8296a8ac-DF_HG01_C_VEHICLE_LYRA,ruiliang.li,2024-12-17 1:16 PM,P2,Done,d62ab91a-3c8e-4f62-8c4e-fb1a94860ead,,,,,
MON-2424486,2602551,不合理制动,v0.8.96-adlst-0606.patch.19-irs2-DF_HG01_C_VEHICLE_LYRA,jingpeng.sun,2024-12-17 11:48 AM,P1,Done,a69c2f61-1a63-4b8d-a4d0-a20af1fa1078,LSTI-4839,,,,
MON-2424479,2602544,邻道车辆漏检，ALC误触发,v0.8.96-adlst-0606.patch.10-irs2-DF_HG01_C_VEHICLE_LYRA,jingpeng.sun,2024-12-17 11:39 AM,P1,Done,bf6f1324-34c7-403e-a414-132aaa8a1e52,LSTI-5165,,,,
MON-2424478,2602543,不合理制动 ,v1.0.9-p6-Beta-20241204-irs2-DF_HG01_C_VEHICLE_LYRA,keming.zheng,2024-12-17 11:08 AM,P1,Done,ebeb6c03-4f8c-4b56-bd3e-ed1906dc10f0,LSTI-5241,,,,
MON-2424476,2602541,前车未压线，还是不合理刹车,v1.0.9-p6-Beta-20241204-irs2-DF_HG01_C_VEHICLE_LYRA,jingpeng.sun,2024-12-17 11:06 AM,P2,Done,0611e2de-d324-4691-8b14-b4de8e564055,LSTI-5241,,,,
MON-2424475,2602540,【TSAudio】ALC,v0.8.96-adlst-0606.patch.19-irs2-LQ_4H70_B_VEHICLE_LYRA,jingpeng.sun,2024-12-17 11:03 AM,P0,Done,1dba22d4-4feb-4d3e-9145-a63420dd0402,LSTI-5219,,,,
MON-2424472,2602537,【TSAudio】ALC,v1.0.9-Beta-20240911-64-g2666792d7-irs2-8296a8ac-DF_HG01_C_VEHICLE_LYRA,ruiliang.li,2024-12-17 10:33 AM,P2,Done,dad13fc5-8d56-4b1f-8059-fa31f664a33b,,,,,
MON-2424385,2602442,【TSAudio】Fallback,v1.0.12-Alpha-20241025-4-g4e7c269ad-jazz-5bd776ec-irs2-01a1dcab-DF_H19X_C_VEHICLE_LYRA,jingpeng.sun,2024-12-17 3:30 AM,P2,Done,4b236be0-fa34-4cbf-b200-ad21493c46f1,LSTI-5429,,,,
MON-2424380,2602436,13:09 ALC变道过程中误制动,v1.0.10-Alpha-20240919-113-g9b4eacc7e-irs2-2f7e8779-DF_H19X_C_VEHICLE_LYRA_A,hui.liu,2024-12-17 3:26 AM,P2,Done,a3505d00-afed-4a20-b4e9-9e1705080e25,,,,,
MON-2424378,2602434,12:41 ALC自动取消。,v1.0.10-Alpha-20240919-113-g9b4eacc7e-irs2-2f7e8779-DF_H19X_C_VEHICLE_LYRA_A,hui.liu,2024-12-17 3:24 AM,P2,Done,92169f6d-f8fa-44c9-92db-f645a0e2bb97,,,,,
MON-2424366,2602418,司机反馈：出现掉档,v1.0.9-p6-Beta-20241204-irs2-LQ_4H70_B_VEHICLE_LYRA,ryan.han,2024-12-17 2:16 AM,P1,Done,12965048-f6b0-4aee-b1fd-e9a1d61001de,,,,,
MON-2424364,2602414,质量分析-每日异常指标KA-重刹干预,v0.8.96-adlst-0606.patch.18-2-gcf15adbf0-irs2-97984fbd-CNHTC_Z19X_T_VEHICLE_M51_LC,jingpeng.sun,2024-12-17 2:10 AM,P1,Done,5f96596b-4423-45b9-b8b7-d769ceba9679,LSTI-5249,,,,
MON-2424357,2602398,司机反馈不合理刹车,v1.0.9-Beta-20240911-64-g2666792d7-irs2-8296a8ac-DF_HG01_C_VEHICLE_LYRA,jingpeng.sun,2024-12-17 1:23 AM,P1,Done,10ac2a77-11c9-4a87-91ae-844b3b747115,LSTI-5014,,,,
MON-2424352,2602390,隧道内突然减速,v0.8.96-adlst-0606.patch.8-irs2-DF_HG01_C_VEHICLE_LYRA,ruiliang.li,2024-12-17 1:05 AM,P1,Done,aa482f55-2d12-4b19-8c72-6c9730cc4647,,,,,
MON-2424349,2602386,【TSAudio】Fallback,v1.0.12-Alpha-20241025-4-g4e7c269ad-jazz-5bd776ec-irs2-01a1dcab-DF_H19X_C_VEHICLE_LYRA,jingpeng.sun,2024-12-17 12:59 AM,P2,Done,1f1fb59a-8ec7-45fc-9237-60f2d48a8e5f,LSTI-5429,,,,
MON-2424348,2602385,【TSAudio】Fallback,v1.0.12-Alpha-20241025-4-g4e7c269ad-jazz-5bd776ec-irs2-01a1dcab-DF_H19X_C_VEHICLE_LYRA,keming.zheng,2024-12-17 12:59 AM,P2,Done,8f05ebf3-abc6-4530-b0cd-676577099e33,LSTI-5429,,,,
MON-2424323,2602344,不合理制动,v1.0.9-p6-Beta-20241204-irs2-LQ_4H70_B_VEHICLE_LYRA,jingpeng.sun,2024-12-16 11:13 PM,P1,Done,e36a13b9-ef7b-4ea0-8d6e-032a07bfc88a,LSTI-5014,,,,
MON-2424321,2602341,司机反馈，无故频繁刹车,v1.0.9-p6-Beta-20241204-irs2-LQ_4H70_B_VEHICLE_LYRA,jingpeng.sun,2024-12-16 11:04 PM,P2,Done,536be915-b1f8-4c12-a419-aa3f9d87606c,LSTI-5014,,,,
MON-2424319,2602337,司机描述突然制动降档,v1.0.9-p6-Beta-20241204-irs2-LQ_4H70_B_VEHICLE_LYRA,jingpeng.sun,2024-12-16 10:49 PM,P2,Done,536be915-b1f8-4c12-a419-aa3f9d87606c,LSTI-5014,,,,
MON-2424309,2602308,【TSAudio】不合理制动,v1.0.9-p6-Beta-20241123-irs2-LQ_4H70_B_VEHICLE_LYRA,zhou.yang,2024-12-16 8:16 PM,P1,Done,d543fa51-a15e-4c3d-9bea-b3ebfb1d633a,,,,,
MON-2424204,2602186,lidar_bpu_lyra_n_module_j5b/LIDAR_BPU_RESULT_PUBLISH_FPS_INVALID/Invalid Value 12.16 LQ_4H70_S_RL808637 累计复现4次，均已关联至此MOMENT中,v1.1.10-Alpha-20241213-irs2-COMMON_LYRA,hualei.ma,2024-12-16 5:30 PM,P0,Done,b89dd93b-418e-4ab8-a2b4-9ece8a246f7a,LSTI-5429,,,,
MON-2424202,2602184,road_model_fusion/RF_ERR_INPUT_BOUNDARIES_SHAPE_INCONSISTENT_WITH_MAP/Invalid Value,v1.1.10-Alpha-20241213-irs2-COMMON_LYRA,jiawei.huang,2024-12-16 5:30 PM,P0,ReCollect data,691474d3-a297-4fdb-9770-9465746b617e,LSTI-4958,,,,
MON-2424199,2602180,【TSAudio】Fallback,v0.8.96-adlst-0606.patch.19-irs2-DF_HG01_C_VEHICLE_LYRA,jingpeng.sun,2024-12-16 5:07 PM,P2,Done,d587d36c-d223-4e86-b5d8-4e35a5190d0e,LSTI-5086,,,,
MON-2424195,2602176,【TSAudio】Fallback,v0.8.96-adlst-0606.patch.10-irs2-DF_HG01_C_VEHICLE_LYRA,jingpeng.sun,2024-12-16 4:05 PM,P2,Done,4e9aa75f-2e81-47d0-a956-fab94a287fc9,LSTI-4759,,,,
MON-2424189,2602170,fallback,v0.8.96-adlst-0606.patch.19-irs2-DF_HG01_C_VEHICLE_LYRA,zhou.yang,2024-12-16 3:21 PM,P1,Done,fbb58145-5a0a-42a5-8fae-3f804974a1d6,,,,,
MON-2424176,2602157,【TSAudio】ALC,v1.0.9-Beta-20240911-64-g2666792d7-irs2-8296a8ac-DF_HG01_C_VEHICLE_LYRA,ruiliang.li,2024-12-16 1:33 PM,P2,Done,b9aed279-33a3-4496-a7e3-47dfa61237ba,,,,,
MON-2424169,2602148,误触发避让,v0.8.96-adlst-0606.patch.10-irs2-DF_HG01_C_VEHICLE_LYRA,yuhao.zhao,2024-12-16 12:34 PM,P1,Done,6d5538a2-51ab-4cca-99c6-9e9da0b1246b,LSTI-4839,,,,
MON-2424168,2602147,不合理制动,v0.8.96-adlst-0606.patch.19-irs2-DF_HG01_C_VEHICLE_LYRA,zhou.yang,2024-12-16 12:33 PM,P1,Done,fa525358-b891-4147-a128-287bb76fd8f8,,,,,
MON-2424167,2602146,不合理制动,v0.8.96-adlst-0606.patch.19-irs2-LQ_4H70_B_VEHICLE_LYRA,yuhao.zhao,2024-12-16 12:33 PM,P1,Done,a242f259-df6d-4fc3-a336-3c82cd399c86,LSTI-4839,,,,
MON-2424159,2602138,不合理制动,v1.0.9-p6-Beta-20241123-irs2-LQ_4H70_B_VEHICLE_LYRA,zhou.yang,2024-12-16 12:14 PM,P1,Done,834dac72-b7aa-4c02-9a7a-ac763aea1de5,,,,,
MON-2424155,2602134,【TSAudio】不合理制动,v1.0.9-p6-Beta-20241204-irs2-DF_HG01_C_VEHICLE_LYRA,zhou.yang,2024-12-16 11:56 AM,P1,Done,d5b2be26-75ed-484b-b76d-1335d49678dd,,,,,
MON-2424098,2602077,连续误报分心“请注意安全驾驶”,v1.1.10-Alpha-20241213-irs2-COMMON_LYRA,feng.long,2024-12-16 7:05 AM,P1,Done,2ab0c45d-6c3d-4c00-97f7-12aa2c6c50e1,,,,,
MON-2424097,2602076,"lidar_bpu_lyra_n_module_j5b,LIDAR_BPU_RESULT_PUBLISH_FPS_INVALID",v1.1.10-Alpha-20241213-irs2-COMMON_LYRA,wan.sun,2024-12-16 7:05 AM,P0,Done,9303d305-84c6-42d7-8088-b7f583d4dd12,LSTI-5429,,,,
MON-2424095,2602074,"lidar_bpu_lyra_n_module_j5b,LIDAR_BPU_RESULT_PUBLISH_FPS_INVALID",v1.1.10-Alpha-20241213-irs2-COMMON_LYRA,wan.sun,2024-12-16 7:05 AM,P0,Done,d67e32dd-1b72-4027-a9ce-0a32ef0a4120,LSTI-5429,,,,
MON-2424094,2602073,"lidar_bpu_lyra_n_module_j5b,LIDAR_BPU_RESULT_PUBLISH_FPS_INVALID",v1.1.10-Alpha-20241213-irs2-COMMON_LYRA,li.ding,2024-12-16 7:05 AM,P0,Done,7ea17cdf-f040-4382-b79a-b1f1db890087,LSTI-5429,,,,
MON-2424093,2602072,lidar_bpu_lyra_n_module_j5bLIDAR_BPU_RESULT_PUBLISH_FPS_INVALID,v1.1.10-Alpha-20241213-irs2-COMMON_LYRA,wan.sun,2024-12-16 7:05 AM,P0,Done,80885e12-d442-405f-a76e-2029fbfa2a9e,LSTI-5429,,,,
MON-2424092,2602071,匝道误报请注意路面障碍物,v1.1.10-Alpha-20241213-irs2-COMMON_LYRA,ryan.han,2024-12-16 7:05 AM,P1,Done,20923ec9-f6a9-4211-be92-1a272c593610,,,,,
MON-2424089,2602068,误报注意路面障碍物,v1.1.10-Alpha-20241213-irs2-COMMON_LYRA,ryan.han,2024-12-16 7:04 AM,P1,Done,63112a12-7da5-4c9d-9d6c-498b05e606db,,,,,
MON-2424079,2602058,转G3匝道内误报路面障碍物,v1.1.10-Alpha-20241213-irs2-COMMON_LYRA,ryan.han,2024-12-16 7:03 AM,P1,Done,8eeb32c2-19ca-486a-9b37-4d60af054c8d,,,,,
MON-2424078,2602057,港沟枢纽匝道内误报，注意路面障碍物,v1.1.10-Alpha-20241213-irs2-COMMON_LYRA,ryan.han,2024-12-16 7:03 AM,P1,Done,38286e1c-ee15-4e4d-b850-5a5efd59c977,,,,,
MON-2424074,2602053,莱芜枢纽匝道内误报障碍物,v1.1.10-Alpha-20241213-irs2-COMMON_LYRA,,2024-12-16 7:03 AM,P2,Done,d43ad7be-5e88-4487-bb1a-7dfc7cb734ec,LSTI-5559,,,,
MON-2424070,2602049,FB: lidar_bpu_lyra_n_module_j5b/LIDAR_BPU_RESULT_PUBLISH_FPS_INVALID 累计出现7次,v1.1.10-Alpha-20241213-irs2-COMMON_LYRA,wan.sun,2024-12-16 6:51 AM,P0,Done,d2bebd78-b52b-472f-b43c-fe767789e756,LSTI-5429,,,,
MON-2424063,2602042,匝道内误报注意路面障碍物,v1.1.10-Alpha-20241213-irs2-COMMON_LYRA,,2024-12-16 6:51 AM,P2,Done,27a414c9-4fd7-4ed1-a08a-e1f4e0e2df88,LSTI-5559,,,,
MON-2424058,2602037,G2心态枢纽匝道内误报注意路面障碍物,v1.1.10-Alpha-20241213-irs2-COMMON_LYRA,,2024-12-16 6:49 AM,P2,Done,62be8072-649d-4947-a655-4a6b1635b398,LSTI-5559,,,,
MON-2424048,2602027,苗山上匝道内误报：请注意路面障碍物,v1.1.10-Alpha-20241213-irs2-COMMON_LYRA,,2024-12-16 6:48 AM,P0,Done,40d08738-c6c2-4bdb-b236-902b83c50a40,LSTI-5559,,,,
MON-2423967,2601927,【MPD0】非预期,v0.8.96-adlst-0606.patch.20-irs2-FT_ESTN_B_VEHICLE_LYRA,jingpeng.sun,2024-12-16 3:15 AM,P0,Done,e668fe73-4cf1-4f3a-bab4-b6715a574767,LSTI-4376,,,,
MON-2423928,2601867,隧道内突然减速,v0.8.96-adlst-0606.patch.8-irs2-DF_HG01_C_VEHICLE_LYRA,ruiliang.li,2024-12-16 12:52 AM,P2,Done,aa482f55-2d12-4b19-8c72-6c9730cc4647,,,,,
MON-2423926,2601865,质量分析-每日异常指标KA-重刹干预,v0.8.96-adlst-0606.patch.18-2-gcf15adbf0-irs2-97984fbd-CNHTC_Z19X_T_VEHICLE_M51_LC,jingpeng.sun,2024-12-16 12:52 AM,P1,Done,6555d1ac-29b4-4dc4-9fcc-0fb166054ba4,LSTI-5249,,,,
MON-2423925,2601864,质量分析-每日异常指标KA-重刹干预,v0.8.96-adlst-0606.patch.18-2-gcf15adbf0-irs2-97984fbd-CNHTC_Z19X_T_VEHICLE_M51_LC,jingpeng.sun,2024-12-16 12:50 AM,P1,Done,4a8c923e-b374-4806-95d4-842a34127e21,LSTI-5249,,,,
MON-2423896,2601821,隧道压线行驶,v1.0.9-p2-Beta-20241009-irs2-LQ_4H70_B_VEHICLE_LYRA,yuhao.zhao,2024-12-15 11:35 PM,P1,Done,6feb7784-99a7-4c64-af25-a6adb2315eb0,LSTI-4839,,,,
MON-2423887,2601812,无故刹车,v0.8.96-adlst-0606.patch.19-irs2-LQ_4H70_B_VEHICLE_LYRA,jingpeng.sun,2024-12-15 11:12 PM,P2,Done,1bcfdc8d-56e7-4e6c-b266-9ccf720ea383,LSTI-5014,,,,
MON-2423886,2601811,隧道内误制动,v0.8.96-adlst-0606.patch.21-irs2-CNHTC_G7H4_B_VEHICLE_LYRA,yuhao.zhao,2024-12-15 11:11 PM,P2,Done,9dc3fef0-61d0-4713-a486-a54f5d383e33,LSTI-4839,,,,
MON-2423865,2601779,行驶时乱变道,v1.0.9-Beta-20240911-64-g2666792d7-irs2-8296a8ac-DF_HG01_C_VEHICLE_LYRA,ruiliang.li,2024-12-15 10:07 PM,P2,Won't Do,48e5180a-211c-4044-8360-9d86f98261e3,,,,,
MON-2423862,2601775,经过隔离桩出现刹车,v0.8.96-adlst-0606.patch.19-irs2-DF_HG01_C_VEHICLE_LYRA,yuhao.zhao,2024-12-15 9:59 PM,P1,Done,e67a34a1-ecda-4b75-84cf-422e0b8f182a,LSTI-4839,,,,
MON-2423855,2601760,v1.0.9-p6-Beta-20241204-重刹,v1.0.9-p6-Beta-20241204-irs2-DF_HG01_C_VEHICLE_LYRA,hui.liu,2024-12-15 9:37 PM,P1,Done,5e27617b-46b1-4015-9c97-f040714af615,,,,,
MON-2423853,2601758,v1.0.9-p6-Beta-20241204-重刹,v1.0.9-p6-Beta-20241204-irs2-DF_HG01_C_VEHICLE_LYRA,jingpeng.sun,2024-12-15 9:37 PM,P1,Done,0a4e797d-6476-4ded-854d-a7d9987097b4,LSTI-4839,,,,
MON-2423852,2601757,v1.0.9-p6-Beta-20241204-重刹,v1.0.9-p6-Beta-20241204-irs2-DF_HG01_C_VEHICLE_LYRA,jingpeng.sun,2024-12-15 9:37 PM,P1,Done,e69fb054-07ec-4d63-ac33-5db02b9dfa8a,LSTI-5014,,,,
MON-2423851,2601756,v1.0.9-p6-Beta-20241204-重刹,v1.0.9-p6-Beta-20241204-irs2-DF_HG01_C_VEHICLE_LYRA,jingpeng.sun,2024-12-15 9:37 PM,P1,Done,7283f54a-34b0-4033-ada2-2a43d5432d83,LSTI-5249,,,,
MON-2423850,2601755,v1.0.9-p6-Beta-20241204-重刹,v1.0.9-p6-Beta-20241204-irs2-FT_ESTN_B_VEHICLE_LYRA,jingpeng.sun,2024-12-15 9:37 PM,P1,Done,eeace286-b79d-4a44-841a-2312a162885c,LSTI-5249,,,,
MON-2423849,2601754,v1.0.9-p6-Beta-20241204-重刹,v1.0.9-p6-Beta-20241204-irs2-DF_HG01_C_VEHICLE_LYRA,jingpeng.sun,2024-12-15 9:37 PM,P1,Done,eb02e52d-2984-47ca-a462-4366e18bed11,LSTI-5014,,,,
MON-2423848,2601753,v1.0.9-p6-Beta-20241204-重刹,v1.0.9-p6-Beta-20241204-irs2-DF_HG01_C_VEHICLE_LYRA,jingpeng.sun,2024-12-15 9:37 PM,P1,Done,e46699b3-bc5e-49ae-a750-361ede5cdf3e,LSTI-5014,,,,
MON-2423847,2601752,v1.0.9-p6-Beta-20241204-重刹,v1.0.9-p6-Beta-20241204-irs2-DF_HG01_C_VEHICLE_LYRA,jingpeng.sun,2024-12-15 9:37 PM,P1,Done,b6c75d65-2283-48e4-99ac-13825ca4c8a3,LSTI-5014,,,,
MON-2423846,2601751,v1.0.9-p6-Beta-20241204-重刹,v1.0.9-p6-Beta-20241204-irs2-DF_HG01_C_VEHICLE_LYRA,jingpeng.sun,2024-12-15 9:36 PM,P1,Done,f5b464d0-0262-424b-932c-f0c8601656d2,LSTI-4882,,,,
MON-2423833,2601738,v1.0.9-p6-Beta-20241204-重刹,v1.0.9-p6-Beta-20241204-irs2-DF_HG01_C_VEHICLE_LYRA,jingpeng.sun,2024-12-15 9:35 PM,P1,Done,122953b9-de27-4108-b464-0d4bdc2ffa50,LSTI-5014,,,,
MON-2423830,2601735,v1.0.9-p6-Beta-20241204-重刹,v1.0.9-p6-Beta-20241204-irs2-DF_HG01_C_VEHICLE_LYRA,ryan.han,2024-12-15 9:35 PM,P1,Done,e6bd1ebb-5a9a-4324-a261-b471f06ea173,LSTI-5042,,,,
MON-2423826,2601731,v1.0.9-p6-Beta-20241204-重刹,v1.0.9-p6-Beta-20241204-irs2-FT_ESTN_B_VEHICLE_LYRA,jingpeng.sun,2024-12-15 9:34 PM,P1,Done,ac4edaaf-772e-436c-812c-af0446106481,LSTI-5546,,,,
MON-2423823,2601728,v1.0.9-p6-Beta-20241204-重刹,v1.0.9-p6-Beta-20241204-irs2-DF_HG01_C_VEHICLE_LYRA,jingpeng.sun,2024-12-15 9:34 PM,P1,Done,14f5ec15-800e-4700-a2e0-2dfe800c3741,LSTI-5249,,,,
MON-2423822,2601727,v1.0.9-p6-Beta-20241204-重刹,v1.0.9-p6-Beta-20241204-irs2-DF_HG01_C_VEHICLE_LYRA,jingpeng.sun,2024-12-15 9:34 PM,P1,Done,d28f45ed-9f57-4cdd-a9f9-85d6c836a0ff,LSTI-5014,,,,
MON-2423821,2601726,v1.0.9-p6-Beta-20241204-重刹,v1.0.9-p6-Beta-20241204-irs2-DF_HG01_C_VEHICLE_LYRA,jingpeng.sun,2024-12-15 9:34 PM,P1,Done,6aa636b0-a6f1-4b9b-851f-3fdc6aa936f1,LSTI-5014,,,,
MON-2423819,2601724,v1.0.9-p6-Beta-20241204-重刹,v1.0.9-p6-Beta-20241204-irs2-DF_HG01_C_VEHICLE_LYRA,jingpeng.sun,2024-12-15 9:34 PM,P1,Done,63bd1579-fae4-49e5-9bcf-7e787008a6cb,LSTI-5546,,,,
MON-2423817,2601722,v1.0.9-p6-Beta-20241204-重刹,v1.0.9-p6-Beta-20241204-irs2-DF_HG01_C_VEHICLE_LYRA,jingpeng.sun,2024-12-15 9:33 PM,P1,Done,51211831-8a4e-47f5-a0e7-be4c754d8349,LSTI-4882,,,,
MON-2423816,2601721,v1.0.9-p6-Beta-20241204-重刹,v1.0.9-p6-Beta-20241204-irs2-DF_HG01_C_VEHICLE_LYRA,jingpeng.sun,2024-12-15 9:33 PM,P1,Done,83335f35-6859-4038-8843-b4ab34daa68a,LSTI-5014,,,,
MON-2423815,2601720,v1.0.9-p6-Beta-20241204-重刹,v1.0.9-p6-Beta-20241204-irs2-DF_HG01_C_VEHICLE_LYRA,jingpeng.sun,2024-12-15 9:33 PM,P1,Done,beb720d8-5be5-4aea-95b7-10fe0255dab2,LSTI-5014,,,,
MON-2423812,2601717,v1.0.9-p6-Beta-20241204-重刹,v1.0.9-p6-Beta-20241204-irs2-DF_HG01_C_VEHICLE_LYRA,jingpeng.sun,2024-12-15 9:33 PM,P1,Done,147bcbba-4d13-4b4b-8d0d-4babc1378c4a,LSTI-4839,,,,
MON-2423811,2601716,v1.0.9-p6-Beta-20241204-重刹,v1.0.9-p6-Beta-20241204-irs2-FT_ESTN_B_VEHICLE_LYRA,li.ding,2024-12-15 9:33 PM,P0,Done,fd1044e6-2dae-4d07-89af-daa2de89cf4c,LSTI-5187,,,,
MON-2423810,2601715,v1.0.9-p6-Beta-20241204-重刹,v1.0.9-p6-Beta-20241204-irs2-FT_ESTN_B_VEHICLE_LYRA,jingpeng.sun,2024-12-15 9:33 PM,P1,Done,ac06b754-cb14-406d-b894-99210bc5a705,LSTI-5249,,,,
MON-2423807,2601712,【TSAudio】Fallback,v1.0.12-Alpha-20241025-4-g4e7c269ad-jazz-5bd776ec-irs2-01a1dcab-DF_H19X_C_VEHICLE_LYRA,jingpeng.sun,2024-12-15 9:31 PM,P2,Done,3e4078a1-963e-4894-81b4-6483e940151f,LSTI-5429,,,,
MON-2423803,2601708,司机反馈，右边有车辆，未主动避让,v0.8.96-adlst-0606.patch.19-irs2-LQ_4H70_B_VEHICLE_LYRA,yuhao.zhao,2024-12-15 9:27 PM,P1,Root Cause Analysis,d90990e7-403d-403a-8e06-ef3c87177c17,LSTI-5241,,,,
MON-2423795,2601700,正常路况不合理制动,v1.0.9-p6-Beta-20241204-irs2-LQ_4H70_B_VEHICLE_LYRA,jingpeng.sun,2024-12-15 9:10 PM,P2,Done,2fa7aa23-09f1-4550-9c57-b4b2f8ebef31,LSTI-5014,,,,
MON-2423793,2601698,【TSAudio】ALC,v1.0.9-Beta-20240911-64-g2666792d7-irs2-8296a8ac-DF_HG01_C_VEHICLE_LYRA,ruiliang.li,2024-12-15 9:00 PM,P2,Done,6200167c-4fec-45a8-a69f-ccc612acf415,,,,,
MON-2423791,2601696,【TSAudio】ALC,v1.0.9-Beta-20240911-64-g2666792d7-irs2-8296a8ac-DF_HG01_C_VEHICLE_LYRA,ruiliang.li,2024-12-15 8:29 PM,P2,Done,1e83a2a3-95ae-4ed8-aea7-309554c1328b,,,,,
MON-2423779,2601684,异常降档降速,v0.8.96-adlst-0606.patch.21-irs2-CNHTC_G7H4_B_VEHICLE_LYRA,yuhao.zhao,2024-12-15 8:26 PM,P1,Done,396b0d7a-70af-49c8-83a4-215dd9c3b098,LSTI-4839,,,,
MON-2423763,2601653,nudge未触发,v1.1.10-Alpha-20241213-irs2-COMMON_LYRA,li.ding,2024-12-15 6:44 PM,P0,Done,0d26cade-3ff3-4f48-bca6-1722456318e8,LSTI-4966,,,,
MON-2423761,2601651,"FB,lidar_bpu_lyra_n_module_j5b,LIDAR_BPU_RESULT_PUBLISH_FPS_INVALID",v1.1.10-Alpha-20241213-irs2-COMMON_LYRA,wan.sun,2024-12-15 6:43 PM,P0,Done,3263f640-1554-41f7-a725-8ca8e01a5ebc,LSTI-5429,,,,
MON-2423760,2601650,"FB,lidar_bpu_lyra_n_module_j5b,LIDAR_BPU_RESULT_PUBLISH_FPS_INVALID",v1.1.10-Alpha-20241213-irs2-COMMON_LYRA,wan.sun,2024-12-15 6:43 PM,P0,Done,cb550e3f-87ce-4c36-9c86-41117d09c238,LSTI-5429,,,,
MON-2423621,2601486,ALC过程中误取消,v1.0.9-p2-Beta-20241009-irs2-LQ_4H70_B_VEHICLE_LYRA,yuhao.zhao,2024-12-15 3:45 PM,P1,Done,fc4dc224-a278-4aab-89c1-7e65f391dc32,LSTI-5241,,,,
MON-2423618,2601482,档位不合理,v1.0.9-p6-Beta-20241204-irs2-LQ_4H70_B_VEHICLE_LYRA,zongshuo.liu,2024-12-15 3:24 PM,P1,Done,252e5855-86b6-425e-b74e-c4b46e685acb,LSTI-5014,,,,
MON-2423614,2601478,未触发避让,v0.8.96-adlst-0606.patch.19-irs2-LQ_4H70_B_VEHICLE_LYRA,zhou.yang,2024-12-15 1:57 PM,P1,Done,c1f92b32-e752-42f4-8a53-1e305b12d09e,,,,,
MON-2423613,2601477,不合理制动,v1.0.9-Beta-20240911-64-g2666792d7-irs2-8296a8ac-DF_HG01_C_VEHICLE_LYRA,ruiliang.li,2024-12-15 1:56 PM,P2,Done,4caf499d-a6ce-4d15-a997-fe3697e4990a,LSTI-5546,,,,
MON-2423606,2601470,实线变道,v1.0.7-p1-GA-20240926-irs2-DF_H19X_T_VEHICLE_M51_LC,yuhao.zhao,2024-12-15 1:44 PM,P1,Done,cbd7b240-031e-400b-b945-1e0861060d7b,LSTI-4764,,,,
MON-2423603,2601467,误触发自动变道,v0.8.96-adlst-0606.patch.19-irs2-LQ_4H70_B_VEHICLE_LYRA,yuhao.zhao,2024-12-15 1:27 PM,P1,Done,c568e93f-8f89-40dd-8a05-7614bbe02b38,LSTI-5165,,,,
MON-2423585,2601449,左侧后向来车不能避让,v0.8.96-adlst-0606.patch.19-irs2-LQ_4H70_B_VEHICLE_LYRA,zhou.yang,2024-12-15 11:02 AM,P1,Done,a467e19d-f411-433f-880a-859d8a84b846,,,,,
MON-2423584,2601448,右侧后向来车不能避让,v0.8.96-adlst-0606.patch.19-irs2-LQ_4H70_B_VEHICLE_LYRA,yuhao.zhao,2024-12-15 10:59 AM,P1,Done,6be33659-e8f0-4b8b-adf3-07c41e319c2a,LSTI-5216,,,,
MON-2423530,2601393,超车过程中取消后又超,v0.8.96-adlst-0606.patch.10-irs2-DF_HG01_C_VEHICLE_LYRA,yuhao.zhao,2024-12-15 4:19 AM,P1,Root Cause Analysis,b9eec879-cc9f-4dd6-933f-5e91eb02157f,LSTI-5546,,,,
MON-2423528,2601391,无法进AD【首次处理时间】20:02,v1.0.9-p6-Beta-20241123-irs2-DF_H19X_D_VEHICLE_M51_LC,jiaxuan.tang,2024-12-15 4:08 AM,P0,Done,906d1f0a-4c27-403f-8b95-bcf55f85702a,,,,,
MON-2423525,2601388,fallback,v1.0.12-Alpha-20241025-4-g4e7c269ad-jazz-5bd776ec-irs2-01a1dcab-DF_H19X_C_VEHICLE_LYRA,jingpeng.sun,2024-12-15 3:48 AM,P2,Done,5163bb68-0f78-4961-ba38-ec99511da39b,LSTI-5429,,,,
MON-2423518,2601381,正常行驶 急刹,v0.8.96-adlst-0606.patch.23-irs2-FT_ESTN_B_VEHICLE_LYRA,zhou.yang,2024-12-15 3:31 AM,P1,Done,80b3f0ee-f918-47e6-8e3c-660107a742f2,,,,,
MON-2423515,2601377,误触发避让,v1.0.9-Beta-20240911-64-g2666792d7-irs2-8296a8ac-DF_HG01_C_VEHICLE_LYRA,zhou.yang,2024-12-15 3:03 AM,P1,Done,c79526e5-9331-4c33-bb98-f2cd7e5d7dc6,,,,,
MON-2423514,2601376,误触发避让,v1.0.9-Beta-20240911-64-g2666792d7-irs2-8296a8ac-DF_HG01_C_VEHICLE_LYRA,yuhao.zhao,2024-12-15 2:59 AM,P1,Done,876ee83d-e244-442e-96cb-4849fc7a6d79,LSTI-4839,,,,
MON-2423513,2601375,正在避让，小心施工,v1.0.9-Beta-20240911-64-g2666792d7-irs2-8296a8ac-DF_HG01_C_VEHICLE_LYRA,yuhao.zhao,2024-12-15 2:56 AM,P1,Done,5a500c94-09fa-4398-9ed4-068cbbbf3445,LSTI-4839,,,,
MON-2423511,2601372,【TSAudio】不合理制动,v0.8.96-adlst-0606.patch.19-irs2-DF_H19X_C_VEHICLE_LYRA,zhou.yang,2024-12-15 1:56 AM,P1,Done,f2837510-9320-4bd4-8d08-04da5aebf184,,,,,
MON-2423509,2601370,突然降档,v1.0.9-p6-Beta-20241204-irs2-LQ_4H70_B_VEHICLE_LYRA,zongshuo.liu,2024-12-15 1:45 AM,P1,Done,8ef56500-2a10-4aa9-b5dc-bbc85aea7059,LSTI-5014,,,,
MON-2423496,2601356,超车时异常刹车,v0.8.96-adlst-0606.patch.19-irs2-LQ_4H70_B_VEHICLE_LYRA,yuhao.zhao,2024-12-14 9:14 PM,P1,Done,e607fde9-631f-46da-b711-ff6d0e50cd94,LSTI-4839,,,,
MON-2423494,2601354,正常道路异常降档,v1.0.9-p6-Beta-20241204-irs2-LQ_4H70_B_VEHICLE_LYRA,zongshuo.liu,2024-12-14 9:09 PM,P1,Done,7ee71ca1-ca66-45c1-ba0e-b9002687cec6,LSTI-5014,,,,
MON-2423488,2601348,【TSAudio】Fallback,v0.8.96-adlst-0606.patch.19-irs2-DF_HG01_C_VEHICLE_LYRA,jingpeng.sun,2024-12-14 6:53 PM,P2,Done,6e3b1c46-cfcc-45ac-a7b7-e29e0044df20,LSTI-5064,,,,
MON-2423470,2601330,【TSAudio】Fallback,v0.8.96-adlst-0606.patch.10-irs2-DF_HG01_C_VEHICLE_LYRA,zhou.yang,2024-12-14 3:19 PM,P2,Done,a2fb23fb-9b4e-4a0f-90f0-c5ded61e5346,,,,,
MON-2423467,2601327,急刹,v0.8.96-adlst-0606.patch.10-irs2-DF_HG01_C_VEHICLE_LYRA,yuhao.zhao,2024-12-14 2:59 PM,P1,Done,49842831-3119-409c-9c8d-8a21dbd5cd2d,LSTI-4803,,,,
MON-2423466,2601326,急刹,v0.8.96-adlst-0606.patch.10-irs2-DF_HG01_C_VEHICLE_LYRA,zhou.yang,2024-12-14 2:56 PM,P1,Done,403c2992-3d82-4d56-848c-1d6818c5c8a5,,,,,
MON-2423464,2601324,不合理制动 ,v0.8.96-adlst-0606.patch.10-irs2-DF_HG01_C_VEHICLE_LYRA,yuhao.zhao,2024-12-14 2:52 PM,P1,Done,ada26943-7245-440f-b526-a36c18388816,LSTI-4803,,,,
MON-2423463,2601323,误触发避让,v0.8.96-adlst-0606.patch.19-irs2-LQ_4H70_B_VEHICLE_LYRA,yuhao.zhao,2024-12-14 2:23 PM,P1,Done,ddd6f3bd-76af-4a1c-96ce-dd7e4e01d1d3,LSTI-4839,,,,
MON-2423449,2601309,不合理制动,v1.0.9-p6-Beta-20241204-irs2-DF_HG01_C_VEHICLE_LYRA,zhou.yang,2024-12-14 12:50 PM,P1,Done,0aef919f-0f58-446c-9a1e-a8bab10463d0,,,,,
MON-2423427,2601287,rf_err_input_boundaries_heading_inconsistent_with_map ,v1.0.9-p2-Beta-20241009-irs2-LQ_4H70_B_VEHICLE_LYRA,yuhao.zhao,2024-12-14 11:19 AM,P1,Done,a6efe23f-569c-4899-a7e1-efe077f431e2,LSTI-5064,,,,
MON-2423426,2601286,两车拼排刹车,v1.0.9-Beta-20240911-64-g2666792d7-irs2-8296a8ac-DF_HG01_C_VEHICLE_LYRA,yuhao.zhao,2024-12-14 11:15 AM,P1,Done,3584b0ee-d6ae-49f1-b92c-b43d0ee25907,LSTI-4839,,,,
MON-2423419,2601279,【TSAudio】Nudge,v0.8.96-adlst-0606.patch.19-irs2-LQ_4H70_B_VEHICLE_LYRA,jingpeng.sun,2024-12-14 10:14 AM,P2,Done,fd7703b5-551e-4e77-ae2e-67be13ffec6e,LSTI-5241,,,,
MON-2423372,2601232,隧道内误制动,v0.8.96-adlst-0606.patch.8-irs2-DF_HG01_C_VEHICLE_LYRA,yuhao.zhao,2024-12-14 8:47 AM,P1,Done,0b8d0f96-981e-4759-8af9-36933da41dcd,LSTI-4839,,,,
MON-2423361,2601221,【TSAudio】Nudge,v0.8.96-adlst-0606.patch.19-irs2-LQ_4H70_B_VEHICLE_LYRA,jingpeng.sun,2024-12-14 7:12 AM,P2,Done,5baf23b5-ae15-4d60-90b5-77184b8056fb,LSTI-5241,,,,
MON-2423355,2601215,不合理制动,v0.8.96-adlst-0606.patch.19-irs2-DF_HG01_C_VEHICLE_LYRA,yuhao.zhao,2024-12-14 6:58 AM,P1,Done,7f8ee4bd-13e3-4a38-a2db-0adbe4134181,LSTI-4764,,,,
MON-2423348,2601208,频繁刹车,v0.8.96-adlst-0606.patch.19-irs2-LQ_4H70_B_VEHICLE_LYRA,keming.zheng,2024-12-14 6:12 AM,P1,Done,9a9c471e-7368-4ac5-84b1-ec349ba0c182,LSTI-4839,,,,
MON-2423337,2601187,圆通-不合理降档,v1.0.9-p6-Beta-20241204-irs2-LQ_4H70_B_VEHICLE_LYRA,zongshuo.liu,2024-12-13 10:14 PM,P1,Done,4247da15-971e-48b8-905e-1c73a4c8b950,LSTI-5014,,,,
MON-2423335,2601184,德邦-急刹,v0.8.96-adlst-0606.patch.18-2-gcf15adbf0-irs2-97984fbd-CNHTC_Z19X_T_VEHICLE_M51_LC,zhou.yang,2024-12-13 9:51 PM,P1,Done,d0336fe0-aac0-469e-a2be-e52cd45e71e7,,,,,
MON-2423334,2601183,德邦-急刹,v0.8.96-adlst-0606.patch.18-2-gcf15adbf0-irs2-97984fbd-CNHTC_Z19X_T_VEHICLE_M51_LC,zhou.yang,2024-12-13 9:46 PM,P1,Done,8e8f4307-f058-4d9e-84c0-da0425da3a56,,,,,
MON-2423328,2601177,圆通-上坡跳档,v1.0.9-p6-Beta-20241204-irs2-LQ_4H70_B_VEHICLE_LYRA,zongshuo.liu,2024-12-13 7:46 PM,P1,Done,f18af635-1e40-4909-b54c-7f10755a895d,LSTI-5014,,,,
MON-2423326,2601175,中通-急刹,v1.0.9-p6-Beta-20241204-irs2-DF_HG01_C_VEHICLE_LYRA,zhou.yang,2024-12-13 7:37 PM,P1,Done,215187db-7173-42ff-9f8f-da7ee2b27460,,,,,
MON-2423317,2601159,【TSAudio】ALC,v1.0.9-Beta-20240911-64-g2666792d7-irs2-8296a8ac-DF_HG01_C_VEHICLE_LYRA,ruiliang.li,2024-12-13 5:51 PM,P2,Done,3e066f61-62c0-4acd-8e5a-2808dbf39af6,,,,,
MON-2423316,2601158,【TSAudio】ALC,v1.0.9-Beta-20240911-64-g2666792d7-irs2-8296a8ac-DF_HG01_C_VEHICLE_LYRA,ruiliang.li,2024-12-13 5:51 PM,P2,Done,5dedc26f-7a5b-4f40-8000-2c50cadf3c29,,,,,
MON-2423300,2601142,误触发自动变道,v1.0.9-Beta-20240911-64-g2666792d7-irs2-8296a8ac-DF_HG01_C_VEHICLE_LYRA,zhou.yang,2024-12-13 3:45 PM,P1,Done,aa1f2306-3260-47f4-b77b-2917837eaa84,,,,,
MON-2423298,2601140,【TSAudio】ALC,v1.0.9-Beta-20240911-64-g2666792d7-irs2-8296a8ac-DF_HG01_C_VEHICLE_LYRA,ruiliang.li,2024-12-13 3:42 PM,P2,Done,9dfd0aa3-2ed9-43ba-9bb2-3f1334ed3b3b,,,,,
MON-2423292,2601134,不合理制动,v1.0.9-Beta-20240911-64-g2666792d7-irs2-8296a8ac-DF_HG01_C_VEHICLE_LYRA,zhou.yang,2024-12-13 3:34 PM,P1,Done,d2896c3a-84ac-4013-89f5-120ed4687836,,,,,
MON-2423282,2601124,不合理制动 ,v0.8.96-adlst-0606.patch.10-irs2-DF_HG01_C_VEHICLE_LYRA,zhou.yang,2024-12-13 3:06 PM,P1,Done,352ccb7f-6ffe-4254-8238-a425efc9fee9,,,,,
MON-2423276,2601118,误报施工路段,v0.8.96-adlst-0606.patch.8-irs2-DF_HG01_C_VEHICLE_LYRA,zhou.yang,2024-12-13 2:33 PM,P1,Done,40017dc6-e025-4805-9867-2373ef0b9a8b,,,,,
MON-2423247,2601089,【TSAudio】Fallback,v0.8.96-adlst-0606.patch.8-irs2-DF_HG01_C_VEHICLE_LYRA,keming.zheng,2024-12-13 11:57 AM,P2,Done,d1371f54-224b-4c90-ae5d-a17e654a9ce7,LSTI-4759,,,,
MON-2423087,2600919,Fallback异常问题,v1.0.7-p1-GA-20240926-irs2-DF_H19X_D_VEHICLE_M51_LC,keming.zheng,2024-12-13 1:55 AM,P2,Done,262bc464-ef47-4fe6-bd28-79c4c9f88afd,LSTI-4809,,,,
MON-2423079,2600904,质量分析-每日异常指标SME-画龙,v1.0.9-p2-Beta-20241009-irs2-DF_D_VEHICLE_ADU,jingpeng.sun,2024-12-13 1:15 AM,P1,Done,123b2146-a7a9-4411-b902-b63fb1721b14,LSTI-4772,,,,
MON-2423074,2600899,质量分析-每日异常指标ITS-画龙干预,v1.0.7-p1-GA-20240926-irs2-DF_H19X_D_VEHICLE_M51_LC,jingpeng.sun,2024-12-13 1:06 AM,P1,Done,e73b8788-b1a1-4226-8b1a-ec6c0ed9a75f,LSTI-5086,,,,
MON-2423071,2600896,质量分析-每日异常指标ITS-画龙干预,v1.0.9-p6-Beta-20241123-irs2-DF_H19X_D_VEHICLE_M51_LC,jingpeng.sun,2024-12-13 1:06 AM,P1,Done,5ef41291-df5e-4f3a-ac1f-d05a5440e0fd,LSTI-5062,,,,
MON-2423069,2600893,质量分析-每日异常指标ITS-画龙干预,v1.0.7-p1-GA-20240926-irs2-DF_H19X_D_VEHICLE_M51_LC,jingpeng.sun,2024-12-13 1:00 AM,P1,Done,a0034300-f112-4c37-9062-754fe3f508f0,LSTI-4180,,,,
MON-2423066,2600878,德邦-急刹,v0.8.96-adlst-0606.patch.18-2-gcf15adbf0-irs2-97984fbd-CNHTC_Z19X_T_VEHICLE_M51_LC,zhou.yang,2024-12-12 11:50 PM,P1,Done,08680ccf-b9dd-40bf-b1c6-57a299679da7,,,,,
MON-2423033,2600793,Nudge误触发,v1.0.9-Beta-20240911-64-g2666792d7-irs2-8296a8ac-DF_HG01_C_VEHICLE_LYRA,keming.zheng,2024-12-12 7:15 PM,P2,Done,fb1f46ff-c9a1-41a0-8f4c-1d38a7b896b3,LSTI-4839,,,,
MON-2423027,2600784,中通-误报小心施工,v1.0.9-Beta-20240911-64-g2666792d7-irs2-8296a8ac-DF_HG01_C_VEHICLE_LYRA,zhou.yang,2024-12-12 6:42 PM,P1,Done,529095cb-0516-44f4-9d08-c391b963490c,,,,,
MON-2423020,2600775,质量分析-每日异常指标SME-画龙干预,v1.0.9-p1-Alpha-20240929-6-gaa3a5e564-irs2-4cf76670-DF_D_VEHICLE_ADU,jingpeng.sun,2024-12-12 6:18 PM,P1,Done,9fc27717-ec73-4a3b-94be-430bb5533feb,LSTI-4180,,,,
MON-2423003,2600756,质量分析-每日异常指标ITS-画龙干预,v1.0.7-p1-GA-20240926-irs2-DF_H19X_D_VEHICLE_M51_LC,jingpeng.sun,2024-12-12 6:06 PM,P1,Done,6bcc64e4-971f-4b88-89d0-b5b56be0941d,LSTI-5084,,,,
MON-2422894,2600642,【TSAudio】Nudge,v1.0.9-Beta-20240911-64-g2666792d7-irs2-8296a8ac-DF_HG01_C_VEHICLE_LYRA,ruiliang.li,2024-12-12 5:13 PM,P2,Done,43d9ee1e-d476-4baa-9ea6-a1106fb76f20,,,,,
MON-2422893,2600641,【TSAudio】ALC,v1.0.9-Beta-20240911-64-g2666792d7-irs2-8296a8ac-DF_HG01_C_VEHICLE_LYRA,ruiliang.li,2024-12-12 5:12 PM,P2,Done,f9090f19-5eb0-4691-94de-f62677068344,,,,,
MON-2422890,2600638,【TSAudio】ALC,v1.0.9-Beta-20240911-64-g2666792d7-irs2-8296a8ac-DF_HG01_C_VEHICLE_LYRA,ruiliang.li,2024-12-12 4:11 PM,P2,Done,d8858cc7-4e85-438a-a440-b3b58d67a5a4,,,,,
MON-2422887,2600635,【TSAudio】Nudge,v0.8.96-adlst-0606.patch.10-irs2-DF_HG01_C_VEHICLE_LYRA,jingpeng.sun,2024-12-12 3:40 PM,P2,Done,9764550c-0a65-43e0-b94f-af9ae2aa93d1,LSTI-5146,,,,
MON-2422884,2600632,爬坡先点刹车在超车,v0.8.96-adlst-0606.patch.10-irs2-DF_HG01_C_VEHICLE_LYRA,zhou.yang,2024-12-12 3:33 PM,P1,Done,4d68ce20-a0c5-4750-9c31-c720ea3a4827,,,,,
MON-2422878,2600626,下雪用不了AD，辅助模式。,v0.8.96-adlst-0606.patch.19-irs2-LQ_4H70_B_VEHICLE_LYRA,zhou.yang,2024-12-12 3:19 PM,P1,Done,7f83ad34-7975-49ff-9896-e328d935ab1e,,,,,
MON-2422877,2600625,下雪用不了AD，辅助模式,v0.8.96-adlst-0606.patch.19-irs2-LQ_4H70_B_VEHICLE_LYRA,zhou.yang,2024-12-12 3:17 PM,P1,Done,833bc519-f11d-4911-859c-58fd9eda620d,,,,,
MON-2422875,2600623, 隧道内误制动,v0.8.96-adlst-0606.patch.10-irs2-DF_HG01_C_VEHICLE_LYRA,jingpeng.sun,2024-12-12 3:14 PM,P1,Done,9460b24e-e060-48d3-b660-339f13942130,LSTI-4839,,,,
MON-2422872,2600620,档位不合理,v1.0.9-p6-Beta-20241204-irs2-DF_HG01_C_VEHICLE_LYRA,songlin.lei,2024-12-12 3:03 PM,P1,Done,956c17c0-d466-4afe-bd21-70b988b367d3,,,,,
MON-2422860,2600608,【TSAudio】Fallback,v0.8.96-adlst-0606.patch.8-irs2-DF_HG01_C_VEHICLE_LYRA,jingpeng.sun,2024-12-12 2:08 PM,P2,Done,60cb51cb-9aeb-4dc2-8506-5931093ef34b,LSTI-4759,,,,
MON-2422856,2600604,【TSAudio】Fallback,v0.8.96-adlst-0606.patch.19-irs2-LQ_4H70_B_VEHICLE_LYRA,zhou.yang,2024-12-12 1:37 PM,P1,Done,f5e52eae-0aad-452d-84ef-12952bf4cbd4,,,,,
MON-2422855,2600603,不合理制动 ,v0.8.96-adlst-0606.patch.19-irs2-LQ_4H70_B_VEHICLE_LYRA,keming.zheng,2024-12-12 1:11 PM,P2,Done,79f3e695-2b1f-4454-a748-48e5ea56043c,LSTI-5143,,,,
MON-2422851,2600599,【TSAudio】ALC,v1.0.9-Beta-20240911-64-g2666792d7-irs2-8296a8ac-DF_HG01_C_VEHICLE_LYRA,ruiliang.li,2024-12-12 1:06 PM,P2,Done,1d376c5b-866e-4751-86e8-f911b21db03d,,,,,
MON-2422849,2600597,【TSAudio】Fallback,v0.8.96-adlst-0606.patch.19-irs2-LQ_4H70_B_VEHICLE_LYRA,zhixin.yan,2024-12-12 1:06 PM,P1,Done,3ae2af11-6c50-4822-ab95-009dd888fbe7,LSTI-5064,,,,
MON-2422841,2600589,【TSAudio】Fallback,v0.8.96-adlst-0606.patch.19-irs2-LQ_4H70_B_VEHICLE_LYRA,keming.zheng,2024-12-12 12:34 PM,P2,Done,1d36d958-1dc9-4b7c-969e-4cd2e04e6a19,LSTI-5057,,,,
MON-2422840,2600588,【TSAudio】不合理制动,v1.0.9-Beta-20240911-64-g2666792d7-irs2-8296a8ac-DF_HG01_C_VEHICLE_LYRA,keming.zheng,2024-12-12 12:04 PM,P2,Done,ce324135-d1d3-44ff-a1bc-3a83e0100ed4,LSTI-4839,,,,
MON-2422836,2600584,不合理制动,v0.8.96-adlst-0606.patch.10-irs2-DF_HG01_C_VEHICLE_LYRA,zhou.yang,2024-12-12 11:44 AM,P1,Done,0dd1323c-1ef8-4c7e-a485-6458671bfc38,,,,,
MON-2422786,2600534,隧道内误制动,v0.8.96-adlst-0606.patch.8-irs2-DF_HG01_C_VEHICLE_LYRA,zhou.yang,2024-12-12 9:26 AM,P1,Done,dc428602-962b-4d25-8ba4-caf0cc7ffb8a,,,,,
MON-2422758,2600495,突然往右侧变道,v0.8.96-adlst-0606.patch.19-irs2-DF_H19X_C_VEHICLE_LYRA,jingpeng.sun,2024-12-12 5:00 AM,P0,Done,5bf4ad96-c1bb-48c3-970c-a7977d9dcc7b,LSTI-4376,,,,
MON-2422756,2600493,【TSAudio】不合理制动,v0.8.96-adlst-0606.patch.19-irs2-DF_HG01_C_VEHICLE_LYRA,keming.zheng,2024-12-12 4:43 AM,P2,Done,d72f0a75-1445-4add-86c2-8fa2a28128c1,LSTI-5143,,,,
MON-2422697,2600412,ALC 取消,v1.0.9-p6-Beta-20241204-6-ga88fcd6b2-irs2-6e816d5c-FT_ESTN_B_VEHICLE_LYRA,ryan.han,2024-12-12 12:50 AM,P2,Done,071a29d3-1f80-4540-835b-4ca839b2bcb4,,,,,
MON-2422696,2600411,司机反馈无缘无故掉档,v0.8.96-adlst-0606.patch.20-irs2-FT_ESTN_B_VEHICLE_LYRA,yuhao.zhao,2024-12-12 12:47 AM,P1,Done,5e299745-9ca6-4091-bde3-cc3e48c3e4cb,LSTI-5014,,,,
MON-2422688,2600394,【TSAudio】ALC,v1.0.9-Beta-20240911-64-g2666792d7-irs2-8296a8ac-DF_HG01_C_VEHICLE_LYRA,jingpeng.sun,2024-12-11 11:41 PM,P2,Done,97f554b0-f662-4908-a332-cfc284f5fca0,LSTI-4839,,,,
MON-2422686,2600392,【TSAudio】Fallback,v0.8.96-adlst-0606.patch.19-irs2-LQ_4H70_B_VEHICLE_LYRA,keming.zheng,2024-12-11 11:41 PM,P2,Done,c8a395fc-e548-449d-a59c-3796324fec64,LSTI-5058,,,,
MON-2422671,2600358,圆通-从十二档降档到十档,v1.0.9-p6-Beta-20241204-irs2-LQ_4H70_B_VEHICLE_LYRA,songlin.lei,2024-12-11 10:41 PM,P1,Done,9ac029ea-1f14-496b-877e-a0faa2d8945d,,,,,
MON-2422663,2600350,v1.0.9-p6-Beta-20241204-fallback,v1.0.9-p6-Beta-20241204-irs2-FT_ESTN_B_VEHICLE_LYRA,zhixin.yan,2024-12-11 10:03 PM,P0,Done,208fc134-5f30-432e-ba36-a8abb1a3abd2,LSTI-5085,,,,
MON-2422646,2600331,中通-车辆无缘无故降档,v0.8.96-adlst-0606.patch.20-irs2-FT_ESTN_B_VEHICLE_LYRA,yuhao.zhao,2024-12-11 8:36 PM,P1,Done,5e299745-9ca6-4091-bde3-cc3e48c3e4cb,LSTI-5014,,,,
MON-2422644,2600329,【TSAudio】Fallback,v0.8.96-adlst-0606.patch.19-irs2-LQ_4H70_B_VEHICLE_LYRA,zhou.yang,2024-12-11 8:36 PM,P1,Done,5efde1ba-ac07-43aa-8d54-5fe6f9ec6018,,,,,
MON-2422643,2600326,v1.0.9-p6-Beta-20241204-重刹,v1.0.9-p6-Beta-20241204-irs2-DF_HG01_C_VEHICLE_LYRA,jingpeng.sun,2024-12-11 8:01 PM,P0,Done,0d47dbf2-6aed-48cc-a7b0-eb4ae3b04347,LSTI-5014,,,,
MON-2422641,2600324,v1.0.9-p6-Beta-20241204-重刹,v1.0.9-p6-Beta-20241204-irs2-DF_HG01_C_VEHICLE_LYRA,jingpeng.sun,2024-12-11 8:01 PM,P0,Done,f5141e9b-7095-45ce-84d7-125b6ba1af4b,LSTI-5014,,,,
MON-2422640,2600323,v1.0.9-p6-Beta-20241204-重刹,v1.0.9-p6-Beta-20241204-irs2-DF_HG01_C_VEHICLE_LYRA,wan.sun,2024-12-11 8:01 PM,P0,Done,3cc2c30e-adcc-4645-aa62-4a7c7f807846,LSTI-5014,,,,
MON-2422638,2600321,v1.0.9-p6-Beta-20241204-重刹,v1.0.9-p6-Beta-20241204-irs2-DF_HG01_C_VEHICLE_LYRA,yunwen.jiang,2024-12-11 8:01 PM,P0,Done,b65a9ecb-96f9-4d34-a027-efa35dc41347,LSTI-5250,,,,
MON-2422629,2600312,v1.0.9-p6-Beta-20241204-重刹,v1.0.9-p6-Beta-20241204-irs2-FT_ESTN_B_VEHICLE_LYRA,jingpeng.sun,2024-12-11 8:00 PM,P0,Done,ec44a8eb-5ae4-4c03-a607-578a0aa8ed74,LSTI-5546,,,,
MON-2422555,2600220,质量分析-每日异常指标SME-画龙干预,v1.0.9-p1-Alpha-20240929-1-gba2f73b36-irs2-e3032b04-DF_D_VEHICLE_ADU,jingpeng.sun,2024-12-11 6:18 PM,P1,Done,d3dbc80b-d300-492d-b2b9-630d94c705af,LSTI-5064,,,,
MON-2422518,2600183,质量分析-每日异常指标KA-画龙干预,v1.0.9-p6-Beta-20241123-irs2-DF_H19X_D_VEHICLE_M51_LC,jingpeng.sun,2024-12-11 6:12 PM,P1,Done,a921d0fe-ba12-45b0-a9a4-b94deade31f1,LSTI-4008,,,,
MON-2422513,2600178,司机反馈车道有车,v0.8.96-adlst-0606.patch.19-irs2-LQ_4H70_B_VEHICLE_LYRA,yuhao.zhao,2024-12-11 6:06 PM,P1,Done,cd480ea9-2d9a-4445-bc10-e06455dc8724,LSTI-5165,,,,
MON-2422436,2600099,不合理制动 ,v1.0.9-p6-Beta-20241204-irs2-DF_HG01_C_VEHICLE_LYRA,zhou.yang,2024-12-11 3:41 PM,P1,Done,1ac0c386-3a65-40eb-bd8f-775971ade01d,,,,,
MON-2422408,2600071,【TSAudio】Nudge,v0.8.96-adlst-0606.patch.19-irs2-LQ_4H70_B_VEHICLE_LYRA,liuhui.hu,2024-12-11 1:23 PM,P2,Done,e486ba3d-ca4e-4203-a9df-20e215e1d138,LSTI-5216,,,,
MON-2422406,2600069,【TSAudio】Nudge,v0.8.96-adlst-0606.patch.19-irs2-LQ_4H70_B_VEHICLE_LYRA,liuhui.hu,2024-12-11 1:23 PM,P1,Done,2b75ab8e-0f5a-4b7d-a8d7-c9b76cf0a7d6,LSTI-5127,,,,
MON-2422402,2600065,【TSAudio】ALC,v0.8.96-adlst-0606.patch.19-irs2-DF_HG01_C_VEHICLE_LYRA,keming.zheng,2024-12-11 11:51 AM,P2,Done,a047029b-2382-4efa-a529-2679f8bf4cfe,LSTI-5219,,,,
MON-2422343,2599998,v1.0.9-p6-Beta-20241204-重刹,v1.0.9-p6-Beta-20241204-irs2-DF_HG01_C_VEHICLE_LYRA,ryan.han,2024-12-11 2:57 AM,P0,Done,7477af14-a69c-4d0f-b998-f03b908349b6,LSTI-5042,,,,
MON-2422333,2599987,隧道内突然减速,v0.8.96-adlst-0606.patch.8-irs2-DF_HG01_C_VEHICLE_LYRA,zhou.yang,2024-12-11 2:31 AM,P1,Done,85936446-29b4-41bd-8b62-1230a68c4a1a,,,,,
MON-2422329,2599980,司机反馈没有施工路段,v0.8.96-adlst-0606.patch.8-irs2-DF_HG01_C_VEHICLE_LYRA,zhou.yang,2024-12-11 2:18 AM,P1,Done,8baa8697-e553-4a13-9d77-0fba810db872,,,,,
MON-2422300,2599947,正常行驶，无故降档,v1.0.9-p6-Beta-20241204-irs2-LQ_4H70_B_VEHICLE_LYRA,ping.li,2024-12-11 1:38 AM,P1,Done,10a5b3c0-4476-4e21-809f-daa4eee0fbae,LSTI-5014,,,,
MON-2422228,2599819,圆通-无故跳档,v1.0.9-p6-Beta-20241204-irs2-LQ_4H70_B_VEHICLE_LYRA,zongshuo.liu,2024-12-10 9:44 PM,P1,Done,d6ecb5ea-86a0-4110-a051-a69a32830546,LSTI-5014,,,,
MON-2422177,2599767,行驶过程中failback,v1.0.9-p2-Beta-20241009-irs2-LQ_4H70_B_VEHICLE_LYRA,zhixin.yan,2024-12-10 9:35 PM,P1,Done,f4b62df9-f553-495e-bf4d-a14104e16c4b,LSTI-4964,,,,
MON-2422171,2599759,司机反馈异常减速,v1.0.9-Beta-20240911-64-g2666792d7-irs2-8296a8ac-DF_HG01_C_VEHICLE_LYRA,jingpeng.sun,2024-12-10 9:19 PM,P1,Done,7a661070-8d7d-46ea-ae0f-494fe8c2af22,LSTI-5014,,,,
MON-2422167,2599753,司机反馈：行驶中无故报小心施工,v0.8.96-adlst-0606.patch.10-irs2-DF_HG01_C_VEHICLE_LYRA,zhou.yang,2024-12-10 9:13 PM,P1,Done,8856576b-f2c1-44e1-8862-3eeb7f740e8d,,,,,
MON-2422166,2599752,司机反馈，ivi一直报施工,v0.8.96-adlst-0606.patch.10-irs2-DF_HG01_C_VEHICLE_LYRA,zhou.yang,2024-12-10 9:09 PM,P1,Done,eaa9620d-3550-44a8-b15f-e8ceef6e1ade,,,,,
MON-2422164,2599750,司机描述隧道没有施工路段,v0.8.96-adlst-0606.patch.8-irs2-DF_HG01_C_VEHICLE_LYRA,keming.zheng,2024-12-10 8:57 PM,P2,Done,2af36770-f259-43cf-a5d1-10c7b08dfce9,LSTI-4839,,,,
MON-2422160,2599746,正常行驶急刹,v1.0.9-Beta-20240911-64-g2666792d7-irs2-8296a8ac-DF_HG01_C_VEHICLE_LYRA,jingpeng.sun,2024-12-10 8:47 PM,P1,Done,a7a596e6-145a-4353-819e-03c2db3944df,LSTI-5546,,,,
MON-2422158,2599744,司机反馈，正常行驶，突然降档,v1.0.9-p6-Beta-20241204-irs2-LQ_4H70_B_VEHICLE_LYRA,wan.sun,2024-12-10 8:43 PM,P1,Done,a8892505-e395-4fe5-aaec-8b0950826c9f,LSTI-5014,,,,
MON-2422119,2599705,误制动,v1.0.9-Beta-20240911-64-g2666792d7-irs2-8296a8ac-DF_HG01_C_VEHICLE_LYRA,zhou.yang,2024-12-10 8:16 PM,P1,Done,bae7c4e2-a8fb-4b60-9f59-4fd3826278c1,,,,,
MON-2422116,2599699,司机反馈正常行驶跳档,v1.0.9-p6-Beta-20241204-irs2-LQ_4H70_B_VEHICLE_LYRA,zongshuo.liu,2024-12-10 8:05 PM,P1,Done,19791b09-de41-4ffc-bdbb-1e4dc14d96e2,LSTI-5014,,,,
MON-2422111,2599692,超车往别的车上贴,v0.8.96-adlst-0606.patch.19-irs2-LQ_4H70_B_VEHICLE_LYRA,songlin.lei,2024-12-10 7:51 PM,P1,Done,3685e695-a684-4d4a-a4a7-5a7445084eea,,,,,
MON-2422109,2599687,隧道突然减速,v0.8.96-adlst-0606.patch.8-irs2-DF_HG01_C_VEHICLE_LYRA,zhou.yang,2024-12-10 7:48 PM,P1,Done,c60cf59b-74b7-4a0a-826b-cf3ca5012254,,,,,
MON-2422108,2599686,车辆无故降档,v1.0.9-p6-Beta-20241204-irs2-LQ_4H70_B_VEHICLE_LYRA,wan.sun,2024-12-10 7:47 PM,P1,Done,9a3918d4-cebc-4775-bcd7-b4f1fe566a89,LSTI-5014,,,,
MON-2422102,2599680,v1.0.9-p6-Beta-20241204-重刹,v1.0.9-p6-Beta-20241204-irs2-DF_HG01_C_VEHICLE_LYRA,wan.sun,2024-12-10 7:45 PM,P0,Done,8520e940-33fa-4aa5-9e2e-302b7d8fcc99,LSTI-5241,,,,
MON-2422082,2599656,司机反馈，隧道内突然减速,v0.8.96-adlst-0606.patch.8-irs2-DF_HG01_C_VEHICLE_LYRA,zhou.yang,2024-12-10 7:12 PM,P1,Done,9af95892-5da5-4c5e-9cbd-7ada688e623b,,,,,
MON-2422081,2599655,司机反馈，隧道内突然减速,v0.8.96-adlst-0606.patch.8-irs2-DF_HG01_C_VEHICLE_LYRA,keming.zheng,2024-12-10 7:11 PM,P2,Done,9af95892-5da5-4c5e-9cbd-7ada688e623b,LSTI-4839,,,,
MON-2422073,2599637,司机反馈，路面有地钉，ivi语音报小心施工,v1.0.9-Beta-20240911-64-g2666792d7-irs2-8296a8ac-DF_HG01_C_VEHICLE_LYRA,zhou.yang,2024-12-10 6:43 PM,P1,Done,187a211f-1126-4e76-9a86-19ee71046be1,,,,,
MON-2422067,2599627,【TSAudio】不合理制动,v0.8.96-adlst-0606.patch.8-irs2-DF_HG01_C_VEHICLE_LYRA,keming.zheng,2024-12-10 6:17 PM,P2,Done,efbbf182-b29d-4047-a0d8-633d7ee24b9c,LSTI-4839,,,,
MON-2421972,2599528,档位不合理,v1.0.9-Beta-20240911-64-g2666792d7-irs2-8296a8ac-DF_HG01_C_VEHICLE_LYRA,wan.sun,2024-12-10 3:52 PM,P1,Done,229cac87-6463-40a9-9639-c35b9e4f8ae0,LSTI-4839,,,,
MON-2421965,2599521,进隧道压线,v1.0.9-p6-Beta-20241204-irs2-DF_HG01_C_VEHICLE_LYRA,zhou.yang,2024-12-10 3:45 PM,P1,Done,d9f6a856-69e1-4592-b317-19f4d1a77def,,,,,
MON-2421964,2599520,不合理制动 ,v0.8.96-adlst-0606.patch.10-irs2-DF_HG01_C_VEHICLE_LYRA,zhou.yang,2024-12-10 3:44 PM,P1,Done,41f0ebfa-f09a-46de-92f2-754816b8e573,,,,,
MON-2421950,2599506,乱变道遇到路锥,v1.0.9-Beta-20240911-64-g2666792d7-irs2-8296a8ac-DF_HG01_C_VEHICLE_LYRA,zhou.yang,2024-12-10 3:21 PM,P1,Done,12d6e24c-df96-4c54-b237-f1aca2faf8a5,,,,,
MON-2421949,2599505,遇到路锥就降速乱变道,v1.0.9-Beta-20240911-64-g2666792d7-irs2-8296a8ac-DF_HG01_C_VEHICLE_LYRA,zhou.yang,2024-12-10 3:19 PM,P1,Done,e068a169-cf67-4c69-9fa6-07d6443bb041,,,,,
MON-2421902,2599458,不符合安全条件触发ALC,v0.8.96-adlst-0606.patch.19-irs2-LQ_4H70_B_VEHICLE_LYRA,zhou.yang,2024-12-10 8:57 AM,P1,Done,335008e2-cade-44a6-8226-ba5ea5a908ed,,,,,
MON-2421899,2599455,档位不合理,v1.0.9-p6-Beta-20241123-irs2-LQ_4H70_B_VEHICLE_LYRA,zongshuo.liu,2024-12-10 8:49 AM,P1,Done,7b343019-3a7e-446a-9e80-8c6eba7e8ad2,LSTI-5014,,,,
MON-2421867,2599410,【TSAudio】Nudge,v0.8.96-adlst-0606.patch.19-irs2-LQ_4H70_B_VEHICLE_LYRA,yuhao.zhao,2024-12-10 4:53 AM,P2,Done,ffdaba67-93cd-4d48-a75a-bdffa3989758,LSTI-5127,,,,
MON-2421748,2599256,误触发ALC,v0.8.96-adlst-0606.patch.10-irs2-DF_HG01_C_VEHICLE_LYRA,keming.zheng,2024-12-09 11:48 PM,P2,Done,4989e21c-8f99-4354-9522-ff4531af5502,LSTI-4839,,,,
MON-2421728,2599235,质量分析-每日异常指标ITS-画龙干预,v1.0.1-Beta-20240708-irs2-DF_H19X_D_VEHICLE_M51_LC,jingpeng.sun,2024-12-09 11:18 PM,P1,Done,e115f040-fef4-479c-803a-c05742cf3a96,LSTI-4180,,,,
MON-2421716,2599207,误检测出了锥桶,v0.8.96-adlst-0606.patch.19-irs2-DF_HG01_C_VEHICLE_LYRA,zhou.yang,2024-12-09 10:18 PM,P1,Done,c2635680-9cbd-4b20-8d42-60ecd798ed64,,,,,
MON-2421713,2599201,【TSAudio】ALC,v0.8.96-adlst-0606.patch.19-irs2-DF_HG01_C_VEHICLE_LYRA,yuhao.zhao,2024-12-09 10:04 PM,P2,Done,88c9caa3-b2f5-4d7f-82db-b092fa79da1e,LSTI-4839,,,,
MON-2421704,2599189,司机反馈，自动驾驶检测书锥桶，一直触发Nudge,v0.8.96-adlst-0606.patch.19-irs2-DF_HG01_C_VEHICLE_LYRA,zhou.yang,2024-12-09 9:43 PM,P1,Done,a050060a-e68e-47c6-89b7-7fda250f92fc,,,,,
MON-2421698,2599181,【TSAudio】Fallback,v0.8.96-adlst-0606.patch.19-irs2-LQ_4H70_B_VEHICLE_LYRA,keming.zheng,2024-12-09 9:33 PM,P2,Done,edec211f-d14c-4578-a9aa-ae81071508f0,LSTI-5057,,,,
MON-2421697,2599180,【TSAudio】Fallback,v0.8.96-adlst-0606.patch.19-irs2-LQ_4H70_B_VEHICLE_LYRA,keming.zheng,2024-12-09 9:33 PM,P2,Done,cc03e646-4d74-43cb-b262-9f07c133f4bc,LSTI-5058,,,,
MON-2421696,2599179,【TSAudio】Fallback,v0.8.96-adlst-0606.patch.19-irs2-LQ_4H70_B_VEHICLE_LYRA,keming.zheng,2024-12-09 9:33 PM,P2,Done,fb08dd46-93ea-4796-883c-d91dab3506a6,LSTI-5057,,,,
MON-2421692,2599175,【TSAudio】Fallback,v1.0.9-p2-Beta-20241009-irs2-LQ_4H70_B_VEHICLE_LYRA,keming.zheng,2024-12-09 9:03 PM,P2,Done,61092006-37ee-4f29-bcd7-57125d225cfa,LSTI-4809,,,,
MON-2421691,2599174,司机反馈，自动驾驶偏左行驶,v1.0.9-p2-Beta-20241009-irs2-LQ_4H70_B_VEHICLE_LYRA,zhixin.yan,2024-12-09 9:01 PM,P1,Done,83bf327c-7ccc-4f8c-a139-60bc67a1a426,LSTI-4964,,,,
MON-2421690,2599173,司机反馈频繁避让,v0.8.96-adlst-0606.patch.19-irs2-DF_HG01_C_VEHICLE_LYRA,zhou.yang,2024-12-09 9:00 PM,P1,Done,080185c5-0432-4aed-92e4-4ae195256a48,,,,,
MON-2421688,2599171,司机描述刹车频繁，未有施工路段,v0.8.96-adlst-0606.patch.19-irs2-LQ_4H70_B_VEHICLE_LYRA,keming.zheng,2024-12-09 8:39 PM,P2,Done,606be54a-207e-4d34-b180-55bab76d5235,LSTI-4839,,,,
MON-2421684,2599165,超车超到一半突然急刹,v0.8.96-adlst-0606.patch.19-irs2-LQ_4H70_B_VEHICLE_LYRA,zhou.yang,2024-12-09 7:50 PM,P1,Done,dedc7587-1e7e-4328-ade6-4eb739431731,,,,,
MON-2421671,2599151,无缘无故急刹,v0.8.96-adlst-0606.patch.19-irs2-LQ_4H70_B_VEHICLE_LYRA,zhou.yang,2024-12-09 7:42 PM,P1,Done,6de6b577-2e83-44d1-a642-69f5465559a8,,,,,
MON-2421663,2599140,司机反馈，变道一半就回来,v0.8.96-adlst-0606.patch.19-irs2-LQ_4H70_B_VEHICLE_LYRA,wan.sun,2024-12-09 7:28 PM,P1,Done,a00e5628-290b-4dee-aaff-18634d790123,LSTI-4839,,,,
MON-2421657,2599133,司机描述超车时制动，变道变一半又不变道了,v0.8.96-adlst-0606.patch.19-irs2-LQ_4H70_B_VEHICLE_LYRA,zhou.yang,2024-12-09 7:17 PM,P1,Done,c1a1d603-1770-43d0-b2a2-ab314f8b7119,,,,,
MON-2421641,2599114,【TSAudio】Fallback,v1.0.9-p6-Beta-20241123-irs2-DF_HG01_C_VEHICLE_LYRA,zhou.yang,2024-12-09 7:01 PM,P1,Done,fe2e59e3-ece6-454b-8077-b06ccbd7a054,,,,,
MON-2421640,2599113,【TSAudio】Fallback,v1.0.9-p6-Beta-20241123-irs2-DF_HG01_C_VEHICLE_LYRA,zhixin.yan,2024-12-09 7:01 PM,P1,Done,310574b8-7058-46fb-8618-967e2913d0f4,LSTI-5080,,,,
MON-2421636,2599106,误触发避让,v1.0.9-Beta-20240911-64-g2666792d7-irs2-8296a8ac-DF_HG01_C_VEHICLE_LYRA,zhou.yang,2024-12-09 6:55 PM,P1,Done,24e431d5-cb7a-44c5-934a-a4695fac0bfc,,,,,
MON-2421621,2599077,【TSAudio】Fallback,v1.0.9-p2-Beta-20241009-irs2-LQ_4H70_B_VEHICLE_LYRA,keming.zheng,2024-12-09 5:43 PM,P2,Done,e7a47117-89cb-4251-84e1-0a6fc6253b49,LSTI-4376,,,,
MON-2421618,2599073,【TSAudio】Fallback,v1.0.9-p2-Beta-20241009-irs2-LQ_4H70_B_VEHICLE_LYRA,zhou.yang,2024-12-09 5:12 PM,P1,Done,032d867c-08c3-4a4b-94c1-8f24a09d8314,,,,,
MON-2421609,2599064,后方超车未避让/结束早,v0.8.96-adlst-0606.patch.19-irs2-LQ_4H70_B_VEHICLE_LYRA,zhou.yang,2024-12-09 3:56 PM,P1,Done,b8eedef8-ced5-454d-b7ec-fa5b714844f2,,,,,
MON-2421600,2599055,异常刹车,v1.0.9-Beta-20240911-64-g2666792d7-irs2-8296a8ac-DF_HG01_C_VEHICLE_LYRA,zhou.yang,2024-12-09 3:43 PM,P1,Done,f86aed47-7ab6-47ae-bc93-e4368a07c7fb,,,,,
MON-2421572,2599027,【TSAudio】Fallback,v0.8.96-adlst-0606.patch.19-irs2-LQ_4H70_B_VEHICLE_LYRA,keming.zheng,2024-12-09 1:51 PM,P2,Done,9efd4818-a9cd-49de-bc83-dbcbffede8a2,LSTI-4376,,,,
MON-2421570,2599025,【TSAudio】Fallback,v1.0.9-p6-Beta-20241123-irs2-DF_HG01_C_VEHICLE_LYRA,wan.sun,2024-12-09 1:51 PM,P1,Done,65c533f1-cb60-43f9-a760-385bc1d7a52d,LSTI-5080,,,,
MON-2421498,2598953,误触发避让,v0.8.96-adlst-0606.patch.21-irs2-CNHTC_G7H4_B_VEHICLE_LYRA,keming.zheng,2024-12-09 9:04 AM,P2,Done,8e36f770-a8da-4463-829d-4956b91c8072,LSTI-5146,,,,
MON-2421490,2598943,【TSAudio】不合理制动,v0.8.96-adlst-0606.patch.19-irs2-DF_HG01_C_VEHICLE_LYRA,keming.zheng,2024-12-09 7:17 AM,P2,Done,ffc9424b-6b2d-48dd-a2e0-abef5bac184e,LSTI-5249,,,,
MON-2421438,2598848,司机反馈隧内道突然减速,v0.8.96-adlst-0606.patch.8-irs2-DF_HG01_C_VEHICLE_LYRA,zhou.yang,2024-12-09 12:27 AM,P1,Done,069cd24e-7e41-4be3-a4ae-af847b04618f,,,,,
MON-2421418,2598807,7044d27d-3657-4a44-b1c3-d332fbe0da25,v0.8.96-adlst-0606.patch.19-irs2-LQ_4H70_B_VEHICLE_LYRA,zhou.yang,2024-12-08 11:40 PM,P1,Done,7044d27d-3657-4a44-b1c3-d332fbe0da25,,,,,
MON-2421412,2598796,司机描述汽车报错刹车,v0.8.96-adlst-0606.patch.19-irs2-LQ_4H70_B_VEHICLE_LYRA,zhou.yang,2024-12-08 11:23 PM,P1,Done,798a1a9b-1077-489a-b7f0-9531248a4742,,,,,
MON-2421401,2598782,司机描述正常行驶突然从100减速到80,v1.0.9-Beta-20240911-64-g2666792d7-irs2-8296a8ac-DF_HG01_C_VEHICLE_LYRA,zhou.yang,2024-12-08 11:11 PM,P1,Done,cd49e7bc-a41b-460f-af0c-2b7bf5e6e9e1,,,,,
MON-2421328,2598706,司机描述限速80，汽车速度未超过80急刹减速,v0.8.96-adlst-0606.patch.19-irs2-LQ_4H70_B_VEHICLE_LYRA,keming.zheng,2024-12-08 10:47 PM,P2,Done,099cd3f5-0fb9-4a43-bf64-008d929182f5,LSTI-5249,,,,
MON-2421321,2598699,无障碍避让,v1.0.9-p2-Beta-20241009-irs2-LQ_4H70_B_VEHICLE_LYRA,zhou.yang,2024-12-08 10:38 PM,P1,Done,e4672f2a-6387-4b8a-8124-8de299ea8829,,,,,
MON-2421298,2598671,司机反馈频繁制动,v0.8.96-adlst-0606.patch.19-irs2-DF_HG01_C_VEHICLE_LYRA,zhou.yang,2024-12-08 9:52 PM,P1,Done,3bdbc9c6-69c4-4538-a99f-09a9a1ac724e,,,,,
MON-2421295,2598663,误报施工,v0.8.96-adlst-0606.patch.19-irs2-DF_HG01_C_VEHICLE_LYRA,zhou.yang,2024-12-08 9:43 PM,P1,Done,afa66258-2fef-4641-84c9-b0dc5b80b200,,,,,
MON-2421286,2598653,司机反馈进入隧道制动过大,v0.8.96-adlst-0606.patch.19-irs2-LQ_4H70_B_VEHICLE_LYRA,keming.zheng,2024-12-08 9:20 PM,P2,Done,d770e7af-d4bf-4cfb-93ab-a434ee9dae2d,LSTI-4839,,,,
MON-2421278,2598645,司机反馈，正常行驶无故减速刹车,v0.8.96-adlst-0606.patch.19-irs2-DF_HG01_C_VEHICLE_LYRA,zhou.yang,2024-12-08 9:07 PM,P1,Done,656f4370-d89f-4139-a0af-abb142cc761b,,,,,
MON-2421250,2598611,v1.0.9-p6-Beta-20241204-重刹,v1.0.9-p6-Beta-20241204-irs2-FT_ESTN_B_VEHICLE_LYRA,zongshuo.liu,2024-12-08 7:40 PM,P0,Done,8e4bf144-a708-4e66-8130-a557d7c764b1,LSTI-5241,,,,
MON-2421245,2598606,v1.0.9-p6-Beta-20241204-重刹,v1.0.9-p6-Beta-20241204-irs2-DF_HG01_C_VEHICLE_LYRA,li.ding,2024-12-08 7:40 PM,P0,Done,bcfeb2ac-07f2-45af-b8f4-4d8298808885,LSTI-5250,,,,
MON-2421237,2598598,v1.0.9-p6-Beta-20241204-重刹,v1.0.9-p6-Beta-20241204-irs2-DF_HG01_C_VEHICLE_LYRA,zheyuan.lai,2024-12-08 7:39 PM,P0,Root Cause Analysis,72be17b4-5d7a-4742-b64c-39aa7224f301,LSTI-5250,,,,
MON-2421233,2598592,司机反馈行驶时，出现刹车降档,v1.0.9-p6-Beta-20241204-irs2-LQ_4H70_B_VEHICLE_LYRA,zongshuo.liu,2024-12-08 7:29 PM,P1,Done,87e5f6ea-3074-4e24-af0b-7ae78b550002,LSTI-5014,,,,
MON-2421199,2598553,"FB，feature_match_module,fm_err_output_map_lane_type_incorrect",v1.1.9-Alpha-20241202-irs2-DF_D_VEHICLE_ADU,jiasheng.miao,2024-12-08 6:57 PM,P1,Done,95fc35ce-bbc4-4017-b2fe-dc3ca41bf0fc,LSTI-5393,,,,
MON-2421196,2598550,"FB，feature_match_module,fm_err_output_map_lane_type_incorrect",v1.1.9-Alpha-20241202-irs2-DF_D_VEHICLE_ADU,jiuyu.zang,2024-12-08 6:54 PM,P0,Done,358231a2-5aaf-4502-b3d6-58d0b0645cd5,LSTI-5558,,,,
MON-2421187,2598539,变道过程中，无故取消,v1.1.9-Alpha-20241202-irs2-COMMON_LYRA,ryan.han,2024-12-08 6:46 PM,P0,Done,43db8440-4f45-47fc-9f6f-a15df1b47431,LSTI-5426,,,,
MON-2421091,2598405,【TSAudio】Fallback,v0.8.96-adlst-0606.patch.19-irs2-DF_HG01_C_VEHICLE_LYRA,jingpeng.sun,2024-12-08 6:09 PM,P2,Done,0e5b6992-5c04-4a53-a2ff-92dabf454d58,LSTI-4376,,,,
MON-2421086,2598400,正常路况正常行驶 突然一下子减速下来,v1.0.9-Beta-20240911-64-g2666792d7-irs2-8296a8ac-DF_HG01_C_VEHICLE_LYRA,keming.zheng,2024-12-08 6:07 PM,P2,Done,cd49e7bc-a41b-460f-af0c-2b7bf5e6e9e1,LSTI-5014,,,,
MON-2421081,2598395,【TSAudio】不合理制动,v0.8.96-adlst-0606.patch.8-irs2-DF_HG01_C_VEHICLE_LYRA,keming.zheng,2024-12-08 6:06 PM,P2,Done,b21a4392-1249-46e7-8e8e-0cfa39db3eb7,LSTI-4839,,,,
MON-2421071,2598385,【TSAudio】Fallback,v0.8.96-adlst-0606.patch.19-irs2-DF_HG01_C_VEHICLE_LYRA,keming.zheng,2024-12-08 6:04 PM,P2,Done,2fe2f389-363f-4b96-b273-d5941526ca8b,LSTI-4809,,,,
MON-2421066,2598380,【TSAudio】Fallback,v0.8.96-adlst-0606.patch.10-irs2-DF_HG01_C_VEHICLE_LYRA,keming.zheng,2024-12-08 6:04 PM,P2,Done,e42d8724-b570-44f1-9e9f-d5961e8bea4d,LSTI-4809,,,,
MON-2421061,2598373,智能驾驶自动退出,v0.8.96-adlst-0606.patch.21-irs2-CNHTC_G7H4_B_VEHICLE_LYRA,keming.zheng,2024-12-08 5:58 PM,P2,Done,fb22f43e-3a42-45f4-a2ca-69b98ec88d5d,LSTI-4376,,,,
MON-2420920,2598230,"FB，feature_match_module,fm_err_output_map_lane_type_incorrect",v1.1.9-Alpha-20241202-irs2-CNHTC_Z19X_T_VEHICLE_M51_LC,wan.sun,2024-12-08 5:39 PM,P1,Done,ac24a275-7dac-4f20-b373-18479754d38b,LSTI-5558,,,,
MON-2420919,2598229,虚线转实线，压实线变道,v1.1.9-Alpha-20241202-irs2-CNHTC_Z19X_T_VEHICLE_M51_LC,xiaoshuang.chen,2024-12-08 5:39 PM,P0,Done,cd65d100-64e5-4839-9278-dea985e49739,LSTI-5272,,,,
MON-2420907,2598217,ALC异常取消,v1.1.9-Alpha-20241202-irs2-COMMON_LYRA,wan.sun,2024-12-08 5:28 PM,P0,Done,c47ad8d6-c93a-4460-8fbd-e27c5a89c6ac,LSTI-5241,,,,
MON-2420869,2598178,变道一半后又取消返回原车道,v0.8.96-adlst-0606.patch.19-irs2-LQ_4H70_B_VEHICLE_LYRA,zhou.yang,2024-12-08 2:20 PM,P1,Done,2e873245-0232-4570-ab45-34e06c9c69e3,,,,,
MON-2420789,2598098,无目标触发ALC,v1.1.9-Alpha-20241202-irs2-COMMON_LYRA,li.ding,2024-12-08 7:48 AM,P0,Done,aae51283-fe6a-4cff-be84-922d51eae999,LSTI-5146,,,,
MON-2420773,2598082,侧后小车误触发nudge一下,v1.1.9-Alpha-20241202-irs2-COMMON_LYRA,li.ding,2024-12-08 7:46 AM,P0,Done,1bf6dca4-3593-4e41-8aa1-6f011b0514a2,LSTI-5267,,,,
MON-2420749,2598057,误识别施工,v0.8.96-adlst-0606.patch.19-irs2-LQ_4H70_B_VEHICLE_LYRA,keming.zheng,2024-12-08 3:04 AM,P2,Done,14fdfb48-d128-4746-b394-4ce7a4ce19af,LSTI-4839,,,,
MON-2420725,2598033,不合理制动,v0.8.96-adlst-0606.patch.19-irs2-LQ_4H70_B_VEHICLE_LYRA,zhou.yang,2024-12-07 11:19 PM,P1,Done,b9b8576c-f7f6-482d-87c6-0a98098477ab,,,,,
MON-2420723,2598031,fallback,v1.0.9-Beta-20240911-1-g525e55ae2-irs2-2320769a-DF_H19X_D_VEHICLE_M51_LC,keming.zheng,2024-12-07 11:12 PM,P2,Done,74d12d65-1b9d-4797-92e0-5a12d1997d7e,LSTI-5063,,,,
MON-2420713,2598021,隧道内画龙,v0.8.96-adlst-0606.patch.8-irs2-DF_HG01_C_VEHICLE_LYRA,zhou.yang,2024-12-07 10:35 PM,P1,Done,549189d4-fa45-49cc-b92f-5a7a9b3bd42c,,,,,
MON-2420695,2598003,【TSAudio】Fallback,v0.8.96-adlst-0606.patch.19-irs2-LQ_4H70_B_VEHICLE_LYRA,keming.zheng,2024-12-07 9:07 PM,P2,Done,fe63c7a2-74f5-48f9-9353-a14740d77e96,LSTI-5058,,,,
MON-2420694,2598002,【TSAudio】Fallback,v0.8.96-adlst-0606.patch.19-irs2-LQ_4H70_B_VEHICLE_LYRA,keming.zheng,2024-12-07 9:07 PM,P2,Done,a6f84ac0-ddaf-497e-a3a2-5f30455b2279,LSTI-5057,,,,
MON-2420683,2597988,【TSAudio】Fallback,v1.0.9-p6-Beta-20241123-irs2-LQ_4H70_B_VEHICLE_LYRA,siyu.zhang,2024-12-07 5:03 PM,P2,Done,d1ec4131-885c-463b-b08c-be26f71957c0,LSTI-5466,,,,
MON-2420666,2597971,右侧有车还要向右侧变道,v0.8.96-adlst-0606.patch.19-irs2-DF_HG01_C_VEHICLE_LYRA,zhou.yang,2024-12-07 3:51 PM,P1,Done,241e1198-faba-4994-a909-3bd06bd7d0ca,,,,,
MON-2420630,2597935,【TSAudio】Nudge,v0.8.96-adlst-0606.patch.19-irs2-LQ_4H70_B_VEHICLE_LYRA,keming.zheng,2024-12-07 1:47 PM,P2,Done,f7efac5d-38a6-48c5-aeb2-8b2e54f8e6d0,LSTI-5216,,,,
MON-2420620,2597925,【TSAudio】ALC,v0.8.96-adlst-0606.patch.21-irs2-CNHTC_G7H4_B_VEHICLE_LYRA,ruiliang.li,2024-12-07 1:16 PM,P2,Done,70905363-8e53-42a5-bcf8-c6ac06aa9da4,,,,,
MON-2420592,2597897,被超车时解除避让过早,v0.8.96-adlst-0606.patch.19-irs2-LQ_4H70_B_VEHICLE_LYRA,zhou.yang,2024-12-07 11:07 AM,P1,Done,60223ad8-dae1-449c-bd3d-701303757676,,,,,
MON-2420590,2597895,在摄像头下啊要变道到左侧车道,v0.8.96-adlst-0606.patch.21-irs2-CNHTC_G7H4_B_VEHICLE_LYRA,zhou.yang,2024-12-07 10:56 AM,P1,Done,eaadfb43-3e77-4931-9791-745dcbfbcba5,,,,,
MON-2420589,2597894,右侧有车辆还要向右变道,v0.8.96-adlst-0606.patch.19-irs2-DF_HG01_C_VEHICLE_LYRA,zhou.yang,2024-12-07 10:53 AM,P1,Done,ca4ba97e-c6f9-4425-a2ee-ecf2a893c290,,,,,
MON-2420588,2597893,右侧有车辆还向右变道,v0.8.96-adlst-0606.patch.19-irs2-DF_HG01_C_VEHICLE_LYRA,zhou.yang,2024-12-07 10:51 AM,P1,Done,df445059-e43b-4a4f-a21e-962b06743673,,,,,
MON-2420587,2597892,【TSAudio】Fallback,v0.8.96-adlst-0606.patch.19-irs2-LQ_4H70_B_VEHICLE_LYRA,keming.zheng,2024-12-07 10:43 AM,P2,Done,b4303718-8292-49fc-83da-5a5212aa5dff,LSTI-5058,,,,
MON-2420429,2597733,【TSAudio】ALC,v0.8.96-adlst-0606.patch.19-irs2-LQ_4H70_B_VEHICLE_LYRA,jingpeng.sun,2024-12-07 1:09 AM,P2,Done,cde66651-5479-4d8d-8489-36a4f3bcbf06,LSTI-5241,,,,
MON-2420419,2597712,【TSAudio】不合理制动,v0.8.96-adlst-0606.patch.21-irs2-CNHTC_G7H4_B_VEHICLE_LYRA,keming.zheng,2024-12-06 9:46 PM,P2,Done,0c4abfdd-0b3a-49fc-8733-9d4903801f6d,LSTI-4839,,,,
MON-2420386,2597672,fallback,v1.0.9-p6-Beta-20241123-irs2-DF_H19X_D_VEHICLE_M51_LC,yuhao.zhao,2024-12-06 6:29 PM,P2,Done,bbb817a1-8432-435a-99c4-0ec278be552e,LSTI-5062,,,,
MON-2420363,2597646,【TSAudio】Fallback,v0.8.96-adlst-0606.patch.19-irs2-DF_HG01_C_VEHICLE_LYRA,keming.zheng,2024-12-06 3:28 PM,P2,Done,b58be919-a770-499e-b93f-2ab656eff0bb,LSTI-4008,,,,
MON-2420359,2597642,变道一半后又取消,v0.8.96-adlst-0606.patch.19-irs2-DF_HG01_C_VEHICLE_LYRA,jingpeng.sun,2024-12-06 2:54 PM,P2,Done,248a6054-61aa-4633-991c-96ba2813daa3,LSTI-5146,,,,
MON-2420318,2597601,【TSAudio】Fallback,v1.0.9-p2-Beta-20241009-irs2-LQ_4H70_B_VEHICLE_LYRA,keming.zheng,2024-12-06 1:46 PM,P2,Done,9247135e-d78f-44ab-b2bb-6fc124602350,LSTI-5080,,,,
MON-2420312,2597595,【TSAudio】Nudge,v0.8.96-adlst-0606.patch.19-irs2-LQ_4H70_B_VEHICLE_LYRA,keming.zheng,2024-12-06 1:14 PM,P2,Done,6f3b132a-434e-4cac-b713-aec325f51aba,LSTI-5216,,,,
MON-2420309,2597592,申通-planning_process_status_valid,v1.0.9-p2-Beta-20241009-irs2-LQ_4H70_B_VEHICLE_LYRA,keming.zheng,2024-12-06 1:05 PM,P2,Done,9fdd0345-e7c4-4a6c-a6ab-393f77b88bd9,LSTI-4376,,,,
MON-2420291,2597574,【TSAudio】ALC,v1.0.9-p2-Beta-20241009-irs2-LQ_4H70_B_VEHICLE_LYRA,zhou.yang,2024-12-06 12:13 PM,P1,Done,0024e819-659f-40cb-971a-d701c26ad770,,,,,
MON-2420273,2597556,【TSAudio】Fallback,v0.8.96-adlst-0606.patch.19-irs2-DF_HG01_C_VEHICLE_LYRA,keming.zheng,2024-12-06 11:11 AM,P2,Done,42e17201-fa17-4967-80b6-64cf28a5362c,LSTI-4809,,,,
MON-2420037,2597287,司机反馈，进入隧道后突然降速,v0.8.96-adlst-0606.patch.19-irs2-LQ_4H70_B_VEHICLE_LYRA,yuhao.zhao,2024-12-06 12:04 AM,P1,Done,7a33c4c4-9abe-4278-8834-755fbfcd8180,LSTI-4839,,,,
MON-2419939,2597185,不合理制动,v0.8.96-adlst-0606.patch.19-irs2-LQ_4H70_B_VEHICLE_LYRA,yuhao.zhao,2024-12-05 11:31 PM,P1,Done,086ae530-8b35-4018-8455-524e8215337c,LSTI-4839,,,,
MON-2419934,2597178,司机反馈车辆正常时行驶时刹车,v0.8.96-adlst-0606.patch.21-irs2-CNHTC_G7H4_B_VEHICLE_LYRA,yuhao.zhao,2024-12-05 11:22 PM,P1,Done,5c9f61b7-b933-4fae-8478-091a991603e5,LSTI-5241,,,,
MON-2419907,2597147,音频-不合理制动,v0.8.96-adlst-0606.patch.19-irs2-LQ_4H70_B_VEHICLE_LYRA,yuhao.zhao,2024-12-05 10:56 PM,P1,Done,b3b4cd2c-f32d-4749-aa5a-ffb0c7e95ddd,LSTI-4839,,,,
MON-2419900,2597140, Nudge误触发,v0.8.96-adlst-0606.patch.19-irs2-DF_HG01_C_VEHICLE_LYRA,yuhao.zhao,2024-12-05 10:41 PM,P1,Done,1e784123-90ea-4375-84ae-284ba41fc054,LSTI-5146,,,,
MON-2419843,2597060,音频-fm_err_input_loc_rslt_low_confidence,v0.8.96-adlst-0606.patch.19-irs2-LQ_4H70_B_VEHICLE_LYRA,zhixin.yan,2024-12-05 7:39 PM,P2,Done,16140841-a536-475c-bef8-716330392ea8,LSTI-5057,,,,
MON-2419825,2597036,【TSAudio】Fallback,v0.8.96-adlst-0606.patch.21-irs2-CNHTC_G7H4_B_VEHICLE_LYRA,keming.zheng,2024-12-05 7:15 PM,P2,Done,0f6550e9-238b-44ec-9241-5a0fad122a4f,LSTI-4376,,,,
MON-2419748,2596935,【TSAudio】Fallback,v0.8.96-adlst-0606.patch.19-irs2-LQ_4H70_B_VEHICLE_LYRA,zhixin.yan,2024-12-05 3:04 PM,P2,Done,965f105e-7181-48ad-9427-6b8cb5dd293c,LSTI-5057,,,,
MON-2419741,2596928,【TSAudio】Fallback,v0.8.96-adlst-0606.patch.19-irs2-LQ_4H70_B_VEHICLE_LYRA,yuhao.zhao,2024-12-05 2:34 PM,P1,Done,d53793eb-3714-4da4-80b0-996463b614ea,LSTI-4376,,,,
MON-2419740,2596927,【TSAudio】Fallback,v0.8.96-adlst-0606.patch.19-irs2-LQ_4H70_B_VEHICLE_LYRA,keming.zheng,2024-12-05 2:34 PM,P2,Done,350cd259-a5eb-43e6-b6b7-a7c22a5123aa,LSTI-5057,,,,
MON-2419719,2596906,【TSAudio】ALC,v0.8.96-adlst-0606.patch.19-irs2-DF_HG01_C_VEHICLE_LYRA,keming.zheng,2024-12-05 1:26 PM,P2,Done,9a86a568-1cef-4479-b95c-d23cb16ff472,LSTI-5241,,,,
MON-2419703,2596890,中通-右侧有车误变道,v0.8.96-adlst-0606.patch.19-irs2-DF_HG01_C_VEHICLE_LYRA,yuhao.zhao,2024-12-05 12:17 PM,P1,Done,c5cb9bf9-dc60-4012-9d14-760023b78c50,LSTI-5165,,,,
MON-2419675,2596862,港沟枢纽匝道内，油门开度忽大忽小，体感明显,v1.1.9-Alpha-20241202-irs2-COMMON_LYRA,songlin.lei,2024-12-05 11:24 AM,P1,Done,72d9376f-dd07-4e17-b142-6f632705234c,,,,,
MON-2419667,2596854,【TSAudio】Fallback,v0.8.96-adlst-0606.patch.19-irs2-DF_HG01_C_VEHICLE_LYRA,keming.zheng,2024-12-05 11:12 AM,P2,Done,259f9bab-db04-4078-80b1-eef282519b85,LSTI-4809,,,,
MON-2419662,2596849,突然减速刹车,v0.8.96-adlst-0606.patch.19-irs2-DF_HG01_C_VEHICLE_LYRA,keming.zheng,2024-12-05 11:09 AM,P1,Done,1590eac8-2046-4394-b96f-190b39e8f159,LSTI-4839,,,,
MON-2419655,2596842,【TSAudio】Nudge,v0.8.96-adlst-0606.patch.19-irs2-LQ_4H70_B_VEHICLE_LYRA,keming.zheng,2024-12-05 10:40 AM,P2,Done,421e62fd-b80f-4508-ad05-25ad127f6c70,LSTI-5216,,,,
MON-2419647,2596834,变道一半取消，老是左转右转,v0.8.96-adlst-0606.patch.21-irs2-CNHTC_G7H4_B_VEHICLE_LYRA,wan.sun,2024-12-05 10:26 AM,P1,Done,b2eeb699-3e04-46dd-b7f3-1f77f8d8feea,LSTI-4839,,,,
MON-2419644,2596831,【TSAudio】Fallback,v0.8.96-adlst-0606.patch.8-irs2-DF_HG01_C_VEHICLE_LYRA,yuhao.zhao,2024-12-05 10:10 AM,P1,Done,9ef57bb5-f97b-4f90-b614-dc5b6a13a093,LSTI-4809,,,,
MON-2419643,2596830,【TSAudio】Fallback,v0.8.96-adlst-0606.patch.19-irs2-LQ_4H70_B_VEHICLE_LYRA,keming.zheng,2024-12-05 10:10 AM,P2,Done,7e4d74c9-f4a9-4b35-86f5-92a7e34c0d08,LSTI-5057,,,,
MON-2419602,2596789,【TSAudio】Fallback,v1.0.9-p2-Beta-20241009-irs2-LQ_4H70_B_VEHICLE_LYRA,keming.zheng,2024-12-05 9:34 AM,P2,Done,b8ceaf8a-f7a2-49be-b1eb-ce81d27ecd89,LSTI-4376,,,,
MON-2419321,2596442,质量分析-每日异常指标KA-重刹干预,v0.8.96-adlst-0606.patch.8-irs2-DF_HG01_C_VEHICLE_LYRA,keming.zheng,2024-12-04 9:35 PM,P1,Done,b3e781c9-d58f-49f6-974e-9666a8be63b4,LSTI-4839,,,,
MON-2419310,2596431,ALC误触发,v0.8.96-adlst-0606.patch.19-irs2-LQ_4H70_B_VEHICLE_LYRA,keming.zheng,2024-12-04 8:33 PM,P1,Done,e4a34df3-b704-44d4-9357-4c6578e64fac,LSTI-5216,,,,
MON-2419288,2596398,音频-突然急刹,v1.0.12-Alpha-20241025-3-gb5067cf2a-compound-64dd183c-irs2-468a9a4b-FT_ESTN_B_VEHICLE_LYRA,keming.zheng,2024-12-04 7:12 PM,P1,Done,c6ef70f0-722c-4541-8925-1b9d847af428,LSTI-5014,,,,
MON-2419273,2596379,【TSAudio】Fallback,v0.8.96-adlst-0606.patch.19-irs2-DF_HG01_C_VEHICLE_LYRA,keming.zheng,2024-12-04 6:45 PM,P2,Done,6e2653b5-5303-4b4e-ac88-20b1f5a1374a,LSTI-5064,,,,
MON-2419048,2596148,误触发避让,v0.8.96-adlst-0606.patch.10-irs2-DF_HG01_C_VEHICLE_LYRA,keming.zheng,2024-12-04 11:51 AM,P1,Done,23f635e4-d9cd-4f93-9084-82dd52bc8e0c,LSTI-4839,,,,
MON-2419006,2596106,【TSAudio】Fallback,v1.0.9-p2-Beta-20241009-irs2-LQ_4H70_B_VEHICLE_LYRA,jingpeng.sun,2024-12-04 10:21 AM,P1,Done,a7f4d087-2cdf-4254-a555-2fc7f021d7d2,LSTI-4809,,,,
MON-2418957,2596057,车辆智能驾驶中自动变道转向闸道，没有按照正规路线走,v0.8.96-adlst-0606.patch.10-irs2-DF_HG01_C_VEHICLE_LYRA,keming.zheng,2024-12-04 9:08 AM,P1,Done,25956201-c9a9-498e-a410-f07fbead8ed7,LSTI-4376,,,,
MON-2418952,2596052,右侧后向来车不能避让,v0.8.96-adlst-0606.patch.19-irs2-LQ_4H70_B_VEHICLE_LYRA,keming.zheng,2024-12-04 7:57 AM,P1,Done,5d0f44e0-e313-49f5-bd5b-4ad22d80d5fc,LSTI-5216,,,,
MON-2418883,2595981,HMI_025，经过压线纸箱没有任何提示，没有触发nudge,v1.1.9-Alpha-20241202-irs2-COMMON_LYRA,wan.sun,2024-12-04 6:21 AM,P1,Done,40780930-ec6e-446c-a811-da594174ce85,LSTI-5559,,,,
MON-2418875,2595973,正常巡航，误报障碍物提示,v1.1.9-Alpha-20241202-irs2-COMMON_LYRA,linyan.yang,2024-12-04 6:21 AM,P0,Done,1127f30b-55ea-43f6-9401-d5147b0d77ab,,,,,
MON-2418574,2595634,fm_err_input_loc_rslt_low_confidence ,v0.8.96-adlst-0606.patch.19-irs2-LQ_4H70_B_VEHICLE_LYRA,zhixin.yan,2024-12-03 11:33 PM,P2,Done,576dac81-e7a5-4c6e-9a96-ea33b24584b7,LSTI-5064,,,,
MON-2418567,2595626,误触发变道,v0.8.96-adlst-0606.patch.18-2-gcf15adbf0-irs2-97984fbd-CNHTC_Z19X_T_VEHICLE_M51_LC,keming.zheng,2024-12-03 11:22 PM,P1,Done,0a2ee5c0-fb0d-4408-9dee-463efc6c14da,LSTI-4882,,,,
MON-2418552,2595594,不合理制动,v1.0.9-p6-Beta-20241123-irs2-DF_HG01_C_VEHICLE_LYRA,keming.zheng,2024-12-03 10:44 PM,P1,Done,f5a55656-935a-4239-8191-75a263e1f1d3,LSTI-4749,,,,
MON-2418532,2595574,不合理制动,v1.0.9-p6-Beta-20241123-irs2-LQ_4H70_B_VEHICLE_LYRA,keming.zheng,2024-12-03 10:37 PM,P1,Done,cbedf79a-86fd-40d3-b512-9fe658022650,LSTI-5241,,,,
MON-2418508,2595549,【TSAudio】Fallback,v0.8.96-adlst-0606.patch.19-irs2-DF_HG01_C_VEHICLE_LYRA,keming.zheng,2024-12-03 10:32 PM,P1,Done,e374a9d1-cf94-426a-b80f-2ebd864b24d4,LSTI-4376,,,,
MON-2418498,2595539,【TSAudio】Fallback,v0.8.96-adlst-0606.patch.19-irs2-DF_H19X_C_VEHICLE_LYRA,keming.zheng,2024-12-03 10:30 PM,P1,Done,0e15ce21-5014-4e1d-9b2a-afa20ccff7b9,LSTI-4008,,,,
MON-2418329,2595334,德邦-进隧道打灯左变道，急刹走不动,v0.8.96-adlst-0606.patch.18-2-gcf15adbf0-irs2-97984fbd-CNHTC_Z19X_T_VEHICLE_M51_LC,keming.zheng,2024-12-03 4:19 PM,P1,Done,63871839-1b04-4f20-a56b-a7399ec4ccf4,LSTI-4839,,,,
MON-2418314,2595319,变道刹车,v0.8.96-adlst-0606.patch.10-irs2-DF_HG01_C_VEHICLE_LYRA,keming.zheng,2024-12-03 2:08 PM,P1,Done,f940bb90-a74c-463c-ac41-d92882e757dd,LSTI-5241,,,,
MON-2418247,2595252,变道一半取消,v1.0.9-p2-Beta-20241009-irs2-LQ_4H70_B_VEHICLE_LYRA,hui.liu,2024-12-03 9:00 AM,P1,Done,6bc1ce19-9053-45ce-bc4f-e95dc2fc3fe4,,,,,
MON-2418239,2595244,误报施工路段,v0.8.96-adlst-0606.patch.8-irs2-DF_HG01_C_VEHICLE_LYRA,zhou.yang,2024-12-03 8:35 AM,P1,Done,257aaa11-1df5-4ecd-8e8e-a9a9262a1870,,,,,
MON-2418234,2595239,隧道突然减速，误报施工路段,v0.8.96-adlst-0606.patch.8-irs2-DF_HG01_C_VEHICLE_LYRA,keming.zheng,2024-12-03 8:26 AM,P1,Done,2b89550f-8505-404c-b6ad-e5b46d4f35c5,LSTI-4839,,,,
MON-2417758,2594666,左侧有车还要向左侧变道,v0.8.96-adlst-0606.patch.19-irs2-LQ_4H70_B_VEHICLE_LYRA,keming.zheng,2024-12-02 7:51 AM,P1,Done,d55e6bb6-435e-41cd-ac22-3f5cbd11c45c,LSTI-5219,,,,
MON-2417717,2594625,请注意路面障碍物-黄色弹窗（怀疑误报）,v1.1.8-Alpha-20241128-irs2-COMMON_LYRA,zhifang.wei,2024-12-02 5:18 AM,P0,Done,ac6c90c3-c2ea-46d8-ae30-9967ad413d72,,,,,
MON-2417619,2594450,fm_err_invalid_lane_number ,v0.8.96-adlst-0606.patch.19-irs2-LQ_4H70_B_VEHICLE_LYRA,keming.zheng,2024-12-01 9:52 PM,P1,Done,786a956a-fbfe-488c-ab1a-68bf3e571964,LSTI-5057,,,,
MON-2417504,2594325,ivi误报路面障碍物,v1.1.8-Alpha-20241128-irs2-COMMON_LYRA,zhi.xing,2024-12-01 7:53 PM,P1,Done,04d6693c-821e-4c76-9b3d-6267effbde05,,,,,
MON-2417495,2594316,匝道内误报请注意障碍物,v1.1.8-Alpha-20241128-irs2-COMMON_LYRA,zhi.xing,2024-12-01 7:52 PM,P1,Done,140a1a38-1d91-49dc-8414-693e57d755a4,,,,,
MON-2417492,2594313,变道过程中ivi文字播报请注意障碍物,v1.1.8-Alpha-20241128-irs2-COMMON_LYRA,bin.xue,2024-12-01 7:52 PM,P1,Done,e01ab72e-7ccb-4682-b351-e79a7ce54077,,,,,
MON-2417442,2594222,超车距离拉长一点，别超了一半，就我就往右边贴啊,v0.8.96-adlst-0606.patch.19-irs2-LQ_4H70_B_VEHICLE_LYRA,keming.zheng,2024-12-01 6:03 PM,P1,Done,1ecf6b0c-7173-4ac5-9ff1-fdf61e729288,LSTI-5216,,,,
MON-2417345,2594117,【TSAudio】Fallback,v1.0.9-p6-Beta-20241123-irs2-DF_HG01_C_VEHICLE_LYRA,jiaotong.guo,2024-12-01 1:47 PM,P2,Done,d81e4bcc-e1c7-4892-bd57-e69e1cfa5320,,,,,
MON-2417141,2593902,智能驾驶异常退出,v1.0.9-p6-Beta-20241123-irs2-DF_HG01_C_VEHICLE_LYRA,siyu.zhang,2024-11-30 7:28 PM,P1,Done,095778b7-a020-44f1-a2d9-879754b74dee,LSTI-5466,,,,
MON-2416880,2593616,竹园枢纽北京方向：feature_match_modulefm_err_input_boundaries_shape_inconsistent_with_map,v1.1.8-Alpha-20241128-irs2-DF_D_VEHICLE_ADU,wan.sun,2024-11-29 6:57 PM,P1,Done,2b32d654-506d-4087-9788-04033ebb5596,LSTI-4180,,,,
MON-2416864,2593600,"""feature_match_module"":""FM_ERR_INPUT_BOUNDARIES_SHAPE_INCONSISTENT_WITH_MAP""",v1.1.8-Alpha-20241128-irs2-DF_D_VEHICLE_ADU,wan.sun,2024-11-29 6:56 PM,P1,Done,93609226-80af-49aa-a1b6-2d2ede2223ef,LSTI-4180,,,,
MON-2416750,2593478,IVI显示请控制方向盘，车辆偏离车道,v1.0.7-p1-GA-20240926-irs2-DF_H19X_D_VEHICLE_M51_LC,keming.zheng,2024-11-29 8:58 AM,P1,Done,5d37f259-bfc0-4af9-aad0-6e7cd613beab,LSTI-4180,,,,
MON-2416299,2592873,"Lateral error over 40 triggered, error = -0.400063",v0.8.96-adlst-0606.patch.19-irs2-LQ_4H70_B_VEHICLE_LYRA,zhi.xing,2024-11-28 2:08 AM,P1,Done,426cc1db-c82b-4c68-bd3f-bb32aacc991a,,,,,
MON-2416271,2592826,"Lateral error over 40 triggered, error = 0.420787",v0.8.96-adlst-0606.patch.19-irs2-DF_HG01_C_VEHICLE_LYRA,zhixin.yan,2024-11-28 1:16 AM,P1,Done,e3ed891d-1e82-4cde-8357-de56259d123e,LSTI-4376,LSTI-5065,,,
MON-2416270,2592825,"Lateral error over 40 triggered, error = -0.414311",v0.8.96-adlst-0606.patch.19-irs2-LQ_4H70_B_VEHICLE_LYRA,zhixin.yan,2024-11-28 1:15 AM,P1,Done,8ae41945-6835-466d-a4dd-c9a8ff41ff0b,LSTI-5065,LSTI-4376,,,
MON-2416269,2592824,"Lateral error over 40 triggered, error = 0.403911",v0.8.96-adlst-0606.patch.19-irs2-LQ_4H70_B_VEHICLE_LYRA,zhixin.yan,2024-11-28 1:15 AM,P1,Done,f8a7191d-fe83-4aa8-bd88-4af32fd59c46,LSTI-4376,LSTI-5065,,,
MON-2416224,2592749,正常路况提示施工路段,v0.8.96-adlst-0606.patch.19-irs2-DF_HG01_C_VEHICLE_LYRA,zhou.yang,2024-11-27 10:52 PM,P1,Done,621ca10f-e8bf-44dd-8bae-62715dbf21c1,,,,,
MON-2414981,2591172,【TSAudio】Fallback,v1.0.9-p2-Beta-20241009-irs2-DF_HG01_C_VEHICLE_LYRA,zeyong.shan,2024-11-23 3:36 PM,P2,Done,3d3d2122-e833-48b7-a7b4-b80bbe989afb,,,,,
MON-2412555,2588058,系统异常退出自动驾驶,v0.8.96-adlst-0606.patch.19-irs2-DF_HG01_C_VEHICLE_LYRA,jingpeng.sun,2024-11-16 1:43 AM,P0,Done,6864e42f-9d96-41c6-b50f-29454e5b80f8,LSTI-4376,,,,
MON-2407867,2581901,申通-rf_err_input_boundaries_shape_inconsistent_with_map,v1.0.10-Alpha-20240919-13-g756f192e6-irs2-aace56d8-FT_ESTN_B_VEHICLE_LYRA,keming.zheng,2024-11-04 7:04 PM,P2,Done,9984f33b-ee4e-42c0-b3e3-c85afd0c62b9,LSTI-4376,,,,
MON-2400122,2571969,圆通-连续多次自动变道不成功返回原车道,v0.8.96-adlst-0606.patch.19-irs2-LQ_4H70_B_VEHICLE_LYRA,hui.liu,2024-10-14 11:59 AM,P1,Done,8a2a7a32-ea9e-4847-9597-4356ca6f9c0c,,,,,
MON-2392455,2558304,DF400台重刹专题,v0.8.96-adlst-0606.patch.10-irs2-DF_HG01_C_VEHICLE_LYRA,wan.sun,2024-09-06 1:06 AM,P1,Done,653266fa-58bd-4e01-91fe-f63442d43b0a,,,,,
MON-2387483,2548795,中通-右侧应急车道车压线，左侧车道有小车，咱车依然在加速,v0.8.96-adlst-0606.patch.8-irs2-DF_HG01_C_VEHICLE_LYRA,xue.you,2024-08-13 7:28 PM,P0,Done,a45d8ec8-4e8b-4ec3-86d0-d36bd9def2ce,,,,,
MON-2367984,2516622,柳汽-fm_err_input_loc_rslt_low_confidence,v0.8.94-adlst-0207-47-gabbdb0995-irs2-89c25a5a-LQ_4H70_B_VEHICLE_LYRA,jiaotong.guo,2024-05-11 3:07 PM,P1,Done,85297378-8b68-4bcf-95f6-7607400cfbd6,LSTI-4509,,,,
MON-2035703,2160937,moments/6e5932bc-48a0-43dd-9698-9f1309ed3edb,v0.8.90-adlst-1020-22-g9402b2a55-irs2-DF_H19X_C_VEHICLE_LYRA_A,hui.liu,2023-11-12 10:18 PM,P2,Done,6e5932bc-48a0-43dd-9698-9f1309ed3edb,,,,,
